Pulau,Provinsi,Kabupaten/Kota
Sumatera,Aceh,Aceh Barat
Sumatera,Aceh,Aceh Barat Daya
Sumatera,Aceh,Aceh Besar
Sumatera,Aceh,Aceh Jaya
Sumatera,Aceh,Aceh Selatan
Sumatera,Aceh,Aceh Singkil
Sumatera,Aceh,Aceh Tamiang
Sumatera,Aceh,Aceh Tengah
Sumatera,Aceh,Aceh Tenggara
Sumatera,Aceh,Aceh Timur
Sumatera,Aceh,Aceh Utara
Sumatera,Aceh,Bener Meriah
Sumatera,Aceh,Bireuen
Sumatera,Aceh,Gayo Lues
Sumatera,Aceh,Nagan Raya
Sumatera,Aceh,Pidie
Sumatera,Aceh,Pidie Jaya
Sumatera,Aceh,Simeulue
Sumatera,Aceh,Kota Banda Aceh
Sumatera,Aceh,Kota Langsa
Sumatera,Aceh,Kota Lhokseumawe
Sumatera,Aceh,Kota Sabang
Sumatera,Aceh,Kota Subulussalam
Sumatera,Sumatera Utara,Asahan
Sumatera,Sumatera Utara,Batu Bara
Sumatera,Sumatera Utara,Dairi
Sumatera,Sumatera Utara,Deli Serdang
Sumatera,Sumatera Utara,Humbang Hasundutan
Sumatera,Sumatera Utara,Karo
Sumatera,Sumatera Utara,Labuhanbatu
Sumatera,Sumatera Utara,Labuhanbatu Selatan
Sumatera,Sumatera Utara,Labuhanbatu Utara
Sumatera,Sumatera Utara,Langkat
Sumatera,Sumatera Utara,Mandailing Natal
Sumatera,Sumatera Utara,Nias
Sumatera,Sumatera Utara,Nias Barat
Sumatera,Sumatera Utara,Nias Selatan
Sumatera,Sumatera Utara,Nias Utara
Sumatera,Sumatera Utara,Padang Lawas
Sumatera,Sumatera Utara,Padang Lawas Utara
Sumatera,Sumatera Utara,Pakpak Bharat
Sumatera,Sumatera Utara,Samosir
Sumatera,Sumatera Utara,Serdang Bedagai
Sumatera,Sumatera Utara,Simalungun
Sumatera,Sumatera Utara,Tapanuli Selatan
Sumatera,Sumatera Utara,Tapanuli Tengah
Sumatera,Sumatera Utara,Tapanuli Utara
Sumatera,Sumatera Utara,Toba
Sumatera,Sumatera Utara,Kota Binjai
Sumatera,Sumatera Utara,Kota Gunungsitoli
Sumatera,Sumatera Utara,Kota Medan
Sumatera,Sumatera Utara,Kota Padangsidempuan
Sumatera,Sumatera Utara,Kota Pematangsiantar
Sumatera,Sumatera Utara,Kota Sibolga
Sumatera,Sumatera Utara,Kota Tanjungbalai
Sumatera,Sumatera Utara,Kota Tebing Tinggi
Sumatera,Sumatera Barat,Agam
Sumatera,Sumatera Barat,Dharmasraya
Sumatera,Sumatera Barat,Kepulauan Mentawai
Sumatera,Sumatera Barat,Lima Puluh Kota
Sumatera,Sumatera Barat,Padang Pariaman
Sumatera,Sumatera Barat,Pasaman
Sumatera,Sumatera Barat,Pasaman Barat
Sumatera,Sumatera Barat,Pesisir Selatan
Sumatera,Sumatera Barat,Sijunjung
Sumatera,Sumatera Barat,Solok
Sumatera,Sumatera Barat,Solok Selatan
Sumatera,Sumatera Barat,Tanah Datar
Sumatera,Sumatera Barat,Kota Bukittinggi
Sumatera,Sumatera Barat,Kota Padang
Sumatera,Sumatera Barat,Kota Padangpanjang
Sumatera,Sumatera Barat,Kota Pariaman
Sumatera,Sumatera Barat,Kota Payakumbuh
Sumatera,Sumatera Barat,Kota Sawahlunto
Sumatera,Sumatera Barat,Kota Solok
Sumatera,Riau,Bengkalis
Sumatera,Riau,Indragiri Hilir
Sumatera,Riau,Indragiri Hulu
Sumatera,Riau,Kampar
Sumatera,Riau,Kepulauan Meranti
Sumatera,Riau,Kuantan Singingi
Sumatera,Riau,Pelalawan
Sumatera,Riau,Rokan Hilir
Sumatera,Riau,Rokan Hulu
Sumatera,Riau,Siak
Sumatera,Riau,Kota Dumai
Sumatera,Riau,Kota Pekanbaru
Sumatera,Kepulauan Riau,Bintan
Sumatera,Kepulauan Riau,Karimun
Sumatera,Kepulauan Riau,Kepulauan Anambas
Sumatera,Kepulauan Riau,Lingga
Sumatera,Kepulauan Riau,Natuna
Sumatera,Kepulauan Riau,Kota Batam
Sumatera,Kepulauan Riau,Kota Tanjungpinang
Sumatera,Jambi,Batanghari
Sumatera,Jambi,Bungo
Sumatera,Jambi,Kerinci
Sumatera,Jambi,Merangin
Sumatera,Jambi,Muaro Jambi
Sumatera,Jambi,Sarolangun
Sumatera,Jambi,Tanjung Jabung Barat
Sumatera,Jambi,Tanjung Jabung Timur
Sumatera,Jambi,Tebo
Sumatera,Jambi,Kota Jambi
Sumatera,Jambi,Kota Sungaipenuh
Sumatera,Bengkulu,Bengkulu Selatan
Sumatera,Bengkulu,Bengkulu Tengah
Sumatera,Bengkulu,Bengkulu Utara
Sumatera,Bengkulu,Kaur
Sumatera,Bengkulu,Kepahiang
Sumatera,Bengkulu,Lebong
Sumatera,Bengkulu,Mukomuko
Sumatera,Bengkulu,Rejang Lebong
Sumatera,Bengkulu,Seluma
Sumatera,Bengkulu,Kota Bengkulu
Sumatera,Sumatera Selatan,Banyuasin
Sumatera,Sumatera Selatan,Empat Lawang
Sumatera,Sumatera Selatan,Lahat
Sumatera,Sumatera Selatan,Muara Enim
Sumatera,Sumatera Selatan,Musi Banyuasin
Sumatera,Sumatera Selatan,Musi Rawas
Sumatera,Sumatera Selatan,Musi Rawas Utara
Sumatera,Sumatera Selatan,Ogan Ilir
Sumatera,Sumatera Selatan,Ogan Komering Ilir
Sumatera,Sumatera Selatan,Ogan Komering Ulu
Sumatera,Sumatera Selatan,Ogan Komering Ulu Selatan
Sumatera,Sumatera Selatan,Ogan Komering Ulu Timur
Sumatera,Sumatera Selatan,Penukal Abab Lematang Ilir
Sumatera,Sumatera Selatan,Kota Lubuklinggau
Sumatera,Sumatera Selatan,Kota Pagar Alam
Sumatera,Sumatera Selatan,Kota Palembang
Sumatera,Sumatera Selatan,Kota Prabumulih
Sumatera,Kepulauan Bangka Belitung,Bangka
Sumatera,Kepulauan Bangka Belitung,Bangka Barat
Sumatera,Kepulauan Bangka Belitung,Bangka Selatan
Sumatera,Kepulauan Bangka Belitung,Bangka Tengah
Sumatera,Kepulauan Bangka Belitung,Belitung
Sumatera,Kepulauan Bangka Belitung,Belitung Timur
Sumatera,Kepulauan Bangka Belitung,Kota Pangkalpinang
Sumatera,Lampung,Lampung Barat
Sumatera,Lampung,Lampung Selatan
Sumatera,Lampung,Lampung Tengah
Sumatera,Lampung,Lampung Timur
Sumatera,Lampung,Lampung Utara
Sumatera,Lampung,Mesuji
Sumatera,Lampung,Pesawaran
Sumatera,Lampung,Pesisir Barat
Sumatera,Lampung,Pringsewu
Sumatera,Lampung,Tanggamus
Sumatera,Lampung,Tulang Bawang
Sumatera,Lampung,Tulang Bawang Barat
Sumatera,Lampung,Way Kanan
Sumatera,Lampung,Kota Bandar Lampung
Sumatera,Lampung,Kota Metro
Jawa,Banten,Lebak
Jawa,Banten,Pandeglang
Jawa,Banten,Serang
Jawa,Banten,Tangerang
Jawa,Banten,Kota Cilegon
Jawa,Banten,Kota Serang
Jawa,Banten,Kota Tangerang
Jawa,Banten,Kota Tangerang Selatan
Jawa,Jawa Barat,Bandung
Jawa,Jawa Barat,Bandung Barat
Jawa,Jawa Barat,Bekasi
Jawa,Jawa Barat,Bogor
Jawa,Jawa Barat,Ciamis
Jawa,Jawa Barat,Cianjur
Jawa,Jawa Barat,Cirebon
Jawa,Jawa Barat,Garut
Jawa,Jawa Barat,Indramayu
Jawa,Jawa Barat,Karawang
Jawa,Jawa Barat,Kuningan
Jawa,Jawa Barat,Majalengka
Jawa,Jawa Barat,Pangandaran
Jawa,Jawa Barat,Purwakarta
Jawa,Jawa Barat,Subang
Jawa,Jawa Barat,Sukabumi
Jawa,Jawa Barat,Sumedang
Jawa,Jawa Barat,Tasikmalaya
Jawa,Jawa Barat,Kota Bandung
Jawa,Jawa Barat,Kota Banjar
Jawa,Jawa Barat,Kota Bekasi
Jawa,Jawa Barat,Kota Bogor
Jawa,Jawa Barat,Kota Cimahi
Jawa,Jawa Barat,Kota Cirebon
Jawa,Jawa Barat,Kota Depok
Jawa,Jawa Barat,Kota Sukabumi
Jawa,Jawa Barat,Kota Tasikmalaya
Jawa,DKI Jakarta,Administrasi Kepulauan Seribu
Jawa,DKI Jakarta,Kota Administrasi Jakarta Barat
Jawa,DKI Jakarta,Kota Administrasi Jakarta Pusat
Jawa,DKI Jakarta,Kota Administrasi Jakarta Selatan
Jawa,DKI Jakarta,Kota Administrasi Jakarta Timur
Jawa,DKI Jakarta,Kota Administrasi Jakarta Utara
Jawa,Jawa Tengah,Banjarnegara
Jawa,Jawa Tengah,Banyumas
Jawa,Jawa Tengah,Batang
Jawa,Jawa Tengah,Blora
Jawa,Jawa Tengah,Boyolali
Jawa,Jawa Tengah,Brebes
Jawa,Jawa Tengah,Cilacap
Jawa,Jawa Tengah,Demak
Jawa,Jawa Tengah,Grobogan
Jawa,Jawa Tengah,Jepara
Jawa,Jawa Tengah,Karanganyar
Jawa,Jawa Tengah,Kebumen
Jawa,Jawa Tengah,Kendal
Jawa,Jawa Tengah,Klaten
Jawa,Jawa Tengah,Kudus
Jawa,Jawa Tengah,Magelang
Jawa,Jawa Tengah,Pati
Jawa,Jawa Tengah,Pekalongan
Jawa,Jawa Tengah,Pemalang
Jawa,Jawa Tengah,Purbalingga
Jawa,Jawa Tengah,Purworejo
Jawa,Jawa Tengah,Rembang
Jawa,Jawa Tengah,Semarang
Jawa,Jawa Tengah,Sragen
Jawa,Jawa Tengah,Sukoharjo
Jawa,Jawa Tengah,Tegal
Jawa,Jawa Tengah,Temanggung
Jawa,Jawa Tengah,Wonogiri
Jawa,Jawa Tengah,Wonosobo
Jawa,Jawa Tengah,Kota Magelang
Jawa,Jawa Tengah,Kota Pekalongan
Jawa,Jawa Tengah,Kota Salatiga
Jawa,Jawa Tengah,Kota Semarang
Jawa,Jawa Tengah,Kota Surakarta
Jawa,Jawa Tengah,Kota Tegal
Jawa,DI Yogyakarta,Bantul
Jawa,DI Yogyakarta,Gunungkidul
Jawa,DI Yogyakarta,Kulon Progo
Jawa,DI Yogyakarta,Sleman
Jawa,DI Yogyakarta,Kota Yogyakarta
Jawa,Jawa Timur,Bangkalan
Jawa,Jawa Timur,Banyuwangi
Jawa,Jawa Timur,Blitar
Jawa,Jawa Timur,Bojonegoro
Jawa,Jawa Timur,Bondowoso
Jawa,Jawa Timur,Gresik
Jawa,Jawa Timur,Jember
Jawa,Jawa Timur,Jombang
Jawa,Jawa Timur,Kediri
Jawa,Jawa Timur,Lamongan
Jawa,Jawa Timur,Lumajang
Jawa,Jawa Timur,Madiun
Jawa,Jawa Timur,Magetan
Jawa,Jawa Timur,Malang
Jawa,Jawa Timur,Mojokerto
Jawa,Jawa Timur,Nganjuk
Jawa,Jawa Timur,Ngawi
Jawa,Jawa Timur,Pacitan
Jawa,Jawa Timur,Pamekasan
Jawa,Jawa Timur,Pasuruan
Jawa,Jawa Timur,Ponorogo
Jawa,Jawa Timur,Probolinggo
Jawa,Jawa Timur,Sampang
Jawa,Jawa Timur,Sidoarjo
Jawa,Jawa Timur,Situbondo
Jawa,Jawa Timur,Sumenep
Jawa,Jawa Timur,Trenggalek
Jawa,Jawa Timur,Tuban
Jawa,Jawa Timur,Tulungagung
Jawa,Jawa Timur,Kota Batu
Jawa,Jawa Timur,Kota Blitar
Jawa,Jawa Timur,Kota Kediri
Jawa,Jawa Timur,Kota Madiun
Jawa,Jawa Timur,Kota Malang
Jawa,Jawa Timur,Kota Mojokerto
Jawa,Jawa Timur,Kota Pasuruan
Jawa,Jawa Timur,Kota Probolinggo
Jawa,Jawa Timur,Kota Surabaya
Nusa Tenggara,Bali,Badung
Nusa Tenggara,Bali,Bangli
Nusa Tenggara,Bali,Buleleng
Nusa Tenggara,Bali,Gianyar
Nusa Tenggara,Bali,Jembrana
Nusa Tenggara,Bali,Karangasem
Nusa Tenggara,Bali,Klungkung
Nusa Tenggara,Bali,Tabanan
Nusa Tenggara,Bali,Kota Denpasar
Nusa Tenggara,Nusa Tenggara Barat,Bima
Nusa Tenggara,Nusa Tenggara Barat,Dompu
Nusa Tenggara,Nusa Tenggara Barat,Lombok Barat
Nusa Tenggara,Nusa Tenggara Barat,Lombok Tengah
Nusa Tenggara,Nusa Tenggara Barat,Lombok Timur
Nusa Tenggara,Nusa Tenggara Barat,Lombok Utara
Nusa Tenggara,Nusa Tenggara Barat,Sumbawa
Nusa Tenggara,Nusa Tenggara Barat,Sumbawa Barat
Nusa Tenggara,Nusa Tenggara Barat,Kota Bima
Nusa Tenggara,Nusa Tenggara Barat,Kota Mataram
Nusa Tenggara,Nusa Tenggara Timur,Alor
Nusa Tenggara,Nusa Tenggara Timur,Belu
Nusa Tenggara,Nusa Tenggara Timur,Ende
Nusa Tenggara,Nusa Tenggara Timur,Flores Timur
Nusa Tenggara,Nusa Tenggara Timur,Kupang
Nusa Tenggara,Nusa Tenggara Timur,Lembata
Nusa Tenggara,Nusa Tenggara Timur,Malaka
Nusa Tenggara,Nusa Tenggara Timur,Manggarai
Nusa Tenggara,Nusa Tenggara Timur,Manggarai Barat
Nusa Tenggara,Nusa Tenggara Timur,Manggarai Timur
Nusa Tenggara,Nusa Tenggara Timur,Nagekeo
Nusa Tenggara,Nusa Tenggara Timur,Ngada
Nusa Tenggara,Nusa Tenggara Timur,Rote Ndao
Nusa Tenggara,Nusa Tenggara Timur,Sabu Raijua
Nusa Tenggara,Nusa Tenggara Timur,Sikka
Nusa Tenggara,Nusa Tenggara Timur,Sumba Barat
Nusa Tenggara,Nusa Tenggara Timur,Sumba Barat Daya
Nusa Tenggara,Nusa Tenggara Timur,Sumba Tengah
Nusa Tenggara,Nusa Tenggara Timur,Sumba Timur
Nusa Tenggara,Nusa Tenggara Timur,Timor Tengah Selatan
Nusa Tenggara,Nusa Tenggara Timur,Timor Tengah Utara
Nusa Tenggara,Nusa Tenggara Timur,Kota Kupang
Kalimantan,Kalimantan Barat,Bengkayang
Kalimantan,Kalimantan Barat,Kapuas Hulu
Kalimantan,Kalimantan Barat,Kayong Utara
Kalimantan,Kalimantan Barat,Ketapang
Kalimantan,Kalimantan Barat,Kubu Raya
Kalimantan,Kalimantan Barat,Landak
Kalimantan,Kalimantan Barat,Melawi
Kalimantan,Kalimantan Barat,Mempawah
Kalimantan,Kalimantan Barat,Sambas
Kalimantan,Kalimantan Barat,Sanggau
Kalimantan,Kalimantan Barat,Sekadau
Kalimantan,Kalimantan Barat,Sintang
Kalimantan,Kalimantan Barat,Kota Pontianak
Kalimantan,Kalimantan Barat,Kota Singkawang
Kalimantan,Kalimantan Selatan,Balangan
Kalimantan,Kalimantan Selatan,Banjar
Kalimantan,Kalimantan Selatan,Barito Kuala
Kalimantan,Kalimantan Selatan,Hulu Sungai Selatan
Kalimantan,Kalimantan Selatan,Hulu Sungai Tengah
Kalimantan,Kalimantan Selatan,Hulu Sungai Utara
Kalimantan,Kalimantan Selatan,Kotabaru
Kalimantan,Kalimantan Selatan,Tabalong
Kalimantan,Kalimantan Selatan,Tanah Bumbu
Kalimantan,Kalimantan Selatan,Tanah Laut
Kalimantan,Kalimantan Selatan,Tapin
Kalimantan,Kalimantan Selatan,Kota Banjarbaru
Kalimantan,Kalimantan Selatan,Kota Banjarmasin
Kalimantan,Kalimantan Tengah,Barito Selatan
Kalimantan,Kalimantan Tengah,Barito Timur
Kalimantan,Kalimantan Tengah,Barito Utara
Kalimantan,Kalimantan Tengah,Gunung Mas
Kalimantan,Kalimantan Tengah,Kapuas
Kalimantan,Kalimantan Tengah,Katingan
Kalimantan,Kalimantan Tengah,Kotawaringin Barat
Kalimantan,Kalimantan Tengah,Kotawaringin Timur
Kalimantan,Kalimantan Tengah,Lamandau
Kalimantan,Kalimantan Tengah,Murung Raya
Kalimantan,Kalimantan Tengah,Pulang Pisau
Kalimantan,Kalimantan Tengah,Sukamara
Kalimantan,Kalimantan Tengah,Seruyan
Kalimantan,Kalimantan Tengah,Kota Palangka Raya
Kalimantan,Kalimantan Timur,Berau
Kalimantan,Kalimantan Timur,Kutai Barat
Kalimantan,Kalimantan Timur,Kutai Kartanegara
Kalimantan,Kalimantan Timur,Kutai Timur
Kalimantan,Kalimantan Timur,Mahakam Ulu
Kalimantan,Kalimantan Timur,Paser
Kalimantan,Kalimantan Timur,Penajam Paser Utara
Kalimantan,Kalimantan Timur,Kota Balikpapan
Kalimantan,Kalimantan Timur,Kota Bontang
Kalimantan,Kalimantan Timur,Kota Samarinda
Kalimantan,Kalimantan Utara,Bulungan
Kalimantan,Kalimantan Utara,Malinau
Kalimantan,Kalimantan Utara,Nunukan
Kalimantan,Kalimantan Utara,Tana Tidung
Kalimantan,Kalimantan Utara,Kota Tarakan
Sulawesi,Gorontalo,Boalemo
Sulawesi,Gorontalo,Bone Bolango
Sulawesi,Gorontalo,Gorontalo
Sulawesi,Gorontalo,Gorontalo Utara
Sulawesi,Gorontalo,Pohuwato
Sulawesi,Gorontalo,Kota Gorontalo
Sulawesi,Sulawesi Selatan,Bantaeng
Sulawesi,Sulawesi Selatan,Barru
Sulawesi,Sulawesi Selatan,Bone
Sulawesi,Sulawesi Selatan,Bulukumba
Sulawesi,Sulawesi Selatan,Enrekang
Sulawesi,Sulawesi Selatan,Gowa
Sulawesi,Sulawesi Selatan,Jeneponto
Sulawesi,Sulawesi Selatan,Kepulauan Selayar
Sulawesi,Sulawesi Selatan,Luwu
Sulawesi,Sulawesi Selatan,Luwu Timur
Sulawesi,Sulawesi Selatan,Luwu Utara
Sulawesi,Sulawesi Selatan,Maros
Sulawesi,Sulawesi Selatan,Pangkajene dan Kepulauan
Sulawesi,Sulawesi Selatan,Pinrang
Sulawesi,Sulawesi Selatan,Sidenreng Rappang
Sulawesi,Sulawesi Selatan,Sinjai
Sulawesi,Sulawesi Selatan,Soppeng
Sulawesi,Sulawesi Selatan,Takalar
Sulawesi,Sulawesi Selatan,Tana Toraja
Sulawesi,Sulawesi Selatan,Toraja Utara
Sulawesi,Sulawesi Selatan,Wajo
Sulawesi,Sulawesi Selatan,Kota Makassar
Sulawesi,Sulawesi Selatan,Kota Palopo
Sulawesi,Sulawesi Selatan,Kota Parepare
Sulawesi,Sulawesi Barat,Majene
Sulawesi,Sulawesi Barat,Mamasa
Sulawesi,Sulawesi Barat,Mamuju
Sulawesi,Sulawesi Barat,Mamuju Tengah
Sulawesi,Sulawesi Barat,Pasangkayu
Sulawesi,Sulawesi Barat,Polewali Mandar
Sulawesi,Sulawesi Tenggara,Bombana
Sulawesi,Sulawesi Tenggara,Buton
Sulawesi,Sulawesi Tenggara,Buton Selatan
Sulawesi,Sulawesi Tenggara,Buton Tengah
Sulawesi,Sulawesi Tenggara,Buton Utara
Sulawesi,Sulawesi Tenggara,Kolaka
Sulawesi,Sulawesi Tenggara,Kolaka Timur
Sulawesi,Sulawesi Tenggara,Kolaka Utara
Sulawesi,Sulawesi Tenggara,Konawe
Sulawesi,Sulawesi Tenggara,Konawe Kepulauan
Sulawesi,Sulawesi Tenggara,Konawe Selatan
Sulawesi,Sulawesi Tenggara,Konawe Utara
Sulawesi,Sulawesi Tenggara,Muna
Sulawesi,Sulawesi Tenggara,Muna Barat
Sulawesi,Sulawesi Tenggara,Wakatobi
Sulawesi,Sulawesi Tenggara,Kota Bau-Bau
Sulawesi,Sulawesi Tenggara,Kota Kendari
Sulawesi,Sulawesi Tengah,Banggai
Sulawesi,Sulawesi Tengah,Banggai Kepulauan
Sulawesi,Sulawesi Tengah,Banggai Laut
Sulawesi,Sulawesi Tengah,Buol
Sulawesi,Sulawesi Tengah,Donggala
Sulawesi,Sulawesi Tengah,Morowali
Sulawesi,Sulawesi Tengah,Morowali Utara
Sulawesi,Sulawesi Tengah,Parigi Moutong
Sulawesi,Sulawesi Tengah,Poso
Sulawesi,Sulawesi Tengah,Sigi
Sulawesi,Sulawesi Tengah,Tojo Una-Una
Sulawesi,Sulawesi Tengah,Tolitoli
Sulawesi,Sulawesi Tengah,Kota Palu
Sulawesi,Sulawesi Utara,Bolaang Mongondow
Sulawesi,Sulawesi Utara,Bolaang Mongondow Selatan
Sulawesi,Sulawesi Utara,Bolaang Mongondow Timur
Sulawesi,Sulawesi Utara,Bolaang Mongondow Utara
Sulawesi,Sulawesi Utara,Kepulauan Sangihe
Sulawesi,Sulawesi Utara,Kepulauan Siau Tagulandang Biaro
Sulawesi,Sulawesi Utara,Kepulauan Talaud
Sulawesi,Sulawesi Utara,Minahasa
Sulawesi,Sulawesi Utara,Minahasa Selatan
Sulawesi,Sulawesi Utara,Minahasa Tenggara
Sulawesi,Sulawesi Utara,Minahasa Utara
Sulawesi,Sulawesi Utara,Kota Bitung
Sulawesi,Sulawesi Utara,Kota Kotamobagu
Sulawesi,Sulawesi Utara,Kota Manado
Sulawesi,Sulawesi Utara,Kota Tomohon
Maluku,Maluku,Buru
Maluku,Maluku,Buru Selatan
Maluku,Maluku,Kepulauan Aru
Maluku,Maluku,Maluku Barat Daya
Maluku,Maluku,Maluku Tengah
Maluku,Maluku,Maluku Tenggara
Maluku,Maluku,Kepulauan Tanimbar
Maluku,Maluku,Seram Bagian Barat
Maluku,Maluku,Seram Bagian Timur
Maluku,Maluku,Kota Ambon
Maluku,Maluku,Kota Tual
Maluku,Maluku Utara,Halmahera Barat
Maluku,Maluku Utara,Halmahera Tengah
Maluku,Maluku Utara,Halmahera Timur
Maluku,Maluku Utara,Halmahera Selatan
Maluku,Maluku Utara,Halmahera Utara
Maluku,Maluku Utara,Kepulauan Sula
Maluku,Maluku Utara,Pulau Morotai
Maluku,Maluku Utara,Pulau Taliabu
Maluku,Maluku Utara,Kota Ternate
Maluku,Maluku Utara,Kota Tidore Kepulauan
Papua,Papua,Asmat
Papua,Papua,Biak Numfor
Papua,Papua,Boven Digoel
Papua,Papua,Deiyai
Papua,Papua,Dogiyai
Papua,Papua,Intan Jaya
Papua,Papua,Jayapura
Papua,Papua,Jayawijaya
Papua,Papua,Keerom
Papua,Papua,Kepulauan Yapen
Papua,Papua,Lanny Jaya
Papua,Papua,Mamberamo Raya
Papua,Papua,Mamberamo Tengah
Papua,Papua,Mappi
Papua,Papua,Merauke
Papua,Papua,Mimika
Papua,Papua,Nabire
Papua,Papua,Nduga
Papua,Papua,Paniai
Papua,Papua,Pegunungan Bintang
Papua,Papua,Puncak
Papua,Papua,Puncak Jaya
Papua,Papua,Sarmi
Papua,Papua,Supiori
Papua,Papua,Tolikara
Papua,Papua,Waropen
Papua,Papua,Yahukimo
Papua,Papua,Yalimo
Papua,Papua,Kota Jayapura
Papua,Papua Barat,Fakfak
Papua,Papua Barat,Kaimana
Papua,Papua Barat,Manokwari
Papua,Papua Barat,Manokwari Selatan
Papua,Papua Barat,Maybrat
Papua,Papua Barat,Pegunungan Arfak
Papua,Papua Barat,Raja Ampat
Papua,Papua Barat,Sorong
Papua,Papua Barat,Sorong Selatan
Papua,Papua Barat,Tambrauw
Papua,Papua Barat,Teluk Bintuni
Papua,Papua Barat,Teluk Wondama
Papua,Papua Barat,Kota Sorong
