id_loker,provinsi,pendidikan
1,Kepulauan Riau,D3
2,Kepulauan Riau,D3
3,DKI Jakarta,TIDAK DICANTUMKAN
4,DKI Jakarta,TIDAK DICANTUMKAN
5,Kepulauan Riau,TIDAK DICANTUMKAN
6,Jawa Barat,TIDAK DICANTUMKAN
7,DKI Jakarta,S1
8,DKI Jakarta,TIDAK DICANTUMKAN
9,DKI Jakarta,TIDAK DICANTUMKAN
10,DKI Jakarta,S1
11,DKI Jakarta,S1
12,DKI Jakarta,TIDAK DICANTUMKAN
13,Jawa Barat,TIDAK DICANTUMKAN
14,DKI Jakarta,S1
15,DKI Jakarta,TIDAK DICANTUMKAN
16,Jawa Barat,TIDAK DICANTUMKAN
17,DKI Jakarta,TIDAK DICANTUMKAN
18,DKI Jakarta,TIDAK DICANTUMKAN
19,DKI Jakarta,TIDAK DICANTUMKAN
20,DKI Jakarta,S1
21,Kepulauan Riau,TIDAK DICANTUMKAN
22,DKI Jakarta,TIDAK DICANTUMKAN
23,DKI Jakarta,TIDAK DICANTUMKAN
24,DKI Jakarta,TIDAK DICANTUMKAN
25,DKI Jakarta,S1
26,DKI Jakarta,TIDAK DICANTUMKAN
27,Kepulauan Riau,TIDAK DICANTUMKAN
28,Kepulauan Riau,TIDAK DICANTUMKAN
29,,TIDAK DICANTUMKAN
30,DKI Jakarta,TIDAK DICANTUMKAN
31,Kepulauan Riau,D3
32,DKI Jakarta,TIDAK DICANTUMKAN
33,DKI Jakarta,TIDAK DICANTUMKAN
34,Kepulauan Riau,D3
35,DKI Jakarta,TIDAK DICANTUMKAN
36,DKI Jakarta,TIDAK DICANTUMKAN
37,DKI Jakarta,TIDAK DICANTUMKAN
38,DKI Jakarta,TIDAK DICANTUMKAN
39,DKI Jakarta,S1
40,Kepulauan Riau,TIDAK DICANTUMKAN
41,DKI Jakarta,TIDAK DICANTUMKAN
42,DKI Jakarta,TIDAK DICANTUMKAN
43,DKI Jakarta,D3
43,DKI Jakarta,S1
44,DKI Jakarta,D3
44,DKI Jakarta,S1
45,Kepulauan Riau,TIDAK DICANTUMKAN
46,Jawa Timur,TIDAK DICANTUMKAN
47,Kepulauan Riau,S1
48,DKI Jakarta,TIDAK DICANTUMKAN
49,DKI Jakarta,TIDAK DICANTUMKAN
50,Banten,TIDAK DICANTUMKAN
51,DKI Jakarta,TIDAK DICANTUMKAN
52,DKI Jakarta,S1
53,DKI Jakarta,TIDAK DICANTUMKAN
54,Kepulauan Riau,TIDAK DICANTUMKAN
55,Kepulauan Riau,S1
56,Kepulauan Riau,TIDAK DICANTUMKAN
57,Kepulauan Riau,TIDAK DICANTUMKAN
58,Kepulauan Riau,D3
58,Kepulauan Riau,S1
59,DKI Jakarta,TIDAK DICANTUMKAN
60,DKI Jakarta,TIDAK DICANTUMKAN
61,Kepulauan Riau,TIDAK DICANTUMKAN
62,Kepulauan Riau,S1
63,DKI Jakarta,S1
64,DKI Jakarta,TIDAK DICANTUMKAN
65,Kepulauan Riau,D3
66,DKI Jakarta,TIDAK DICANTUMKAN
67,DKI Jakarta,TIDAK DICANTUMKAN
68,DKI Jakarta,TIDAK DICANTUMKAN
69,DKI Jakarta,S1
70,DKI Jakarta,TIDAK DICANTUMKAN
71,Kepulauan Riau,TIDAK DICANTUMKAN
72,DKI Jakarta,TIDAK DICANTUMKAN
73,Kepulauan Riau,TIDAK DICANTUMKAN
74,DKI Jakarta,TIDAK DICANTUMKAN
75,DKI Jakarta,S1
76,DKI Jakarta,TIDAK DICANTUMKAN
77,Kepulauan Riau,TIDAK DICANTUMKAN
78,Kepulauan Riau,D3
78,Kepulauan Riau,S1
79,DKI Jakarta,TIDAK DICANTUMKAN
80,Jawa Timur,TIDAK DICANTUMKAN
81,DKI Jakarta,TIDAK DICANTUMKAN
82,DKI Jakarta,TIDAK DICANTUMKAN
83,DKI Jakarta,S1
84,Jawa Barat,TIDAK DICANTUMKAN
85,DKI Jakarta,S1
86,DKI Jakarta,S1
87,DKI Jakarta,TIDAK DICANTUMKAN
88,DKI Jakarta,TIDAK DICANTUMKAN
89,Banten,D3
89,Banten,S1
90,DKI Jakarta,TIDAK DICANTUMKAN
91,DKI Jakarta,S1
92,Kepulauan Riau,D3
93,DKI Jakarta,TIDAK DICANTUMKAN
94,DKI Jakarta,TIDAK DICANTUMKAN
95,DKI Jakarta,TIDAK DICANTUMKAN
96,Kepulauan Riau,TIDAK DICANTUMKAN
97,DKI Jakarta,S1
98,DKI Jakarta,TIDAK DICANTUMKAN
99,DKI Jakarta,TIDAK DICANTUMKAN
100,DKI Jakarta,TIDAK DICANTUMKAN
101,Kepulauan Riau,TIDAK DICANTUMKAN
102,DKI Jakarta,TIDAK DICANTUMKAN
103,DKI Jakarta,TIDAK DICANTUMKAN
104,Jawa Barat,S1
105,DKI Jakarta,TIDAK DICANTUMKAN
106,DKI Jakarta,TIDAK DICANTUMKAN
107,DKI Jakarta,S1
108,DKI Jakarta,TIDAK DICANTUMKAN
109,Kepulauan Riau,TIDAK DICANTUMKAN
110,DI Yogyakarta,TIDAK DICANTUMKAN
111,Kepulauan Riau,TIDAK DICANTUMKAN
112,DKI Jakarta,S1
113,Kepulauan Riau,D3
114,DKI Jakarta,S1
115,Kepulauan Riau,S1
116,DKI Jakarta,D3
117,Banten,S1
118,Banten,TIDAK DICANTUMKAN
119,Kepulauan Riau,TIDAK DICANTUMKAN
120,DKI Jakarta,TIDAK DICANTUMKAN
121,Banten,S1
122,Jawa Barat,TIDAK DICANTUMKAN
123,DKI Jakarta,TIDAK DICANTUMKAN
124,Kepulauan Riau,TIDAK DICANTUMKAN
125,Kepulauan Riau,TIDAK DICANTUMKAN
126,DKI Jakarta,TIDAK DICANTUMKAN
127,DKI Jakarta,S1
128,DKI Jakarta,TIDAK DICANTUMKAN
129,DKI Jakarta,S1
130,DKI Jakarta,TIDAK DICANTUMKAN
131,Kepulauan Riau,TIDAK DICANTUMKAN
132,Kepulauan Riau,TIDAK DICANTUMKAN
133,DKI Jakarta,TIDAK DICANTUMKAN
134,Kepulauan Riau,TIDAK DICANTUMKAN
135,Kepulauan Riau,S1
136,DKI Jakarta,S1
137,DKI Jakarta,TIDAK DICANTUMKAN
138,DKI Jakarta,TIDAK DICANTUMKAN
139,DKI Jakarta,TIDAK DICANTUMKAN
140,DKI Jakarta,TIDAK DICANTUMKAN
141,Kepulauan Riau,TIDAK DICANTUMKAN
142,Kepulauan Riau,TIDAK DICANTUMKAN
143,Kepulauan Riau,TIDAK DICANTUMKAN
144,DKI Jakarta,TIDAK DICANTUMKAN
145,Kepulauan Riau,TIDAK DICANTUMKAN
146,DKI Jakarta,TIDAK DICANTUMKAN
147,DKI Jakarta,TIDAK DICANTUMKAN
148,Jawa Barat,TIDAK DICANTUMKAN
149,DKI Jakarta,TIDAK DICANTUMKAN
150,DKI Jakarta,TIDAK DICANTUMKAN
151,DKI Jakarta,TIDAK DICANTUMKAN
152,DKI Jakarta,TIDAK DICANTUMKAN
153,DKI Jakarta,S1
154,Kepulauan Riau,TIDAK DICANTUMKAN
155,Kepulauan Riau,D3
156,DKI Jakarta,TIDAK DICANTUMKAN
157,DKI Jakarta,TIDAK DICANTUMKAN
158,DKI Jakarta,S1
159,DKI Jakarta,TIDAK DICANTUMKAN
160,DKI Jakarta,S1
161,Banten,S1
162,DKI Jakarta,TIDAK DICANTUMKAN
163,Kepulauan Riau,TIDAK DICANTUMKAN
164,Kepulauan Riau,TIDAK DICANTUMKAN
165,DKI Jakarta,TIDAK DICANTUMKAN
166,DKI Jakarta,TIDAK DICANTUMKAN
167,Kepulauan Riau,TIDAK DICANTUMKAN
168,DKI Jakarta,TIDAK DICANTUMKAN
169,DKI Jakarta,TIDAK DICANTUMKAN
170,DKI Jakarta,S1
171,Banten,TIDAK DICANTUMKAN
172,DKI Jakarta,TIDAK DICANTUMKAN
173,DKI Jakarta,S1
174,DKI Jakarta,TIDAK DICANTUMKAN
175,DKI Jakarta,TIDAK DICANTUMKAN
176,DKI Jakarta,TIDAK DICANTUMKAN
177,Kepulauan Riau,TIDAK DICANTUMKAN
178,DKI Jakarta,TIDAK DICANTUMKAN
179,DKI Jakarta,TIDAK DICANTUMKAN
180,Kepulauan Riau,TIDAK DICANTUMKAN
181,Kepulauan Riau,TIDAK DICANTUMKAN
182,Kepulauan Riau,D3
183,DKI Jakarta,S1
184,DKI Jakarta,TIDAK DICANTUMKAN
185,Jawa Barat,TIDAK DICANTUMKAN
186,DKI Jakarta,TIDAK DICANTUMKAN
187,DKI Jakarta,TIDAK DICANTUMKAN
188,DKI Jakarta,S1
189,DKI Jakarta,TIDAK DICANTUMKAN
190,DKI Jakarta,TIDAK DICANTUMKAN
191,DKI Jakarta,TIDAK DICANTUMKAN
192,Jawa Barat,S1
193,Jawa Barat,S1
194,DKI Jakarta,S1
195,DKI Jakarta,S1
196,Kepulauan Riau,TIDAK DICANTUMKAN
197,DKI Jakarta,S1
198,DKI Jakarta,S1
199,DKI Jakarta,S1
200,DKI Jakarta,S1
201,DKI Jakarta,TIDAK DICANTUMKAN
202,DKI Jakarta,S1
203,DKI Jakarta,TIDAK DICANTUMKAN
204,DKI Jakarta,TIDAK DICANTUMKAN
205,DKI Jakarta,TIDAK DICANTUMKAN
206,DKI Jakarta,TIDAK DICANTUMKAN
207,DKI Jakarta,TIDAK DICANTUMKAN
208,DKI Jakarta,TIDAK DICANTUMKAN
209,Kepulauan Riau,D3
210,Sumatera Utara,TIDAK DICANTUMKAN
211,DKI Jakarta,TIDAK DICANTUMKAN
212,DKI Jakarta,S1
213,DKI Jakarta,S1
214,DKI Jakarta,S1
215,DKI Jakarta,S1
216,DKI Jakarta,S1
217,DKI Jakarta,S1
218,DKI Jakarta,S1
219,DKI Jakarta,S1
220,DKI Jakarta,TIDAK DICANTUMKAN
221,DKI Jakarta,S1
222,DI Yogyakarta,S1
223,Kepulauan Riau,TIDAK DICANTUMKAN
224,Kepulauan Riau,TIDAK DICANTUMKAN
225,DKI Jakarta,TIDAK DICANTUMKAN
226,DKI Jakarta,TIDAK DICANTUMKAN
227,DKI Jakarta,S1
228,DKI Jakarta,TIDAK DICANTUMKAN
229,Kepulauan Riau,TIDAK DICANTUMKAN
230,DKI Jakarta,TIDAK DICANTUMKAN
231,Kepulauan Riau,TIDAK DICANTUMKAN
232,DKI Jakarta,S1
233,DKI Jakarta,S1
234,DKI Jakarta,TIDAK DICANTUMKAN
235,Kepulauan Riau,TIDAK DICANTUMKAN
236,DKI Jakarta,TIDAK DICANTUMKAN
237,Kepulauan Riau,TIDAK DICANTUMKAN
238,DKI Jakarta,TIDAK DICANTUMKAN
239,DKI Jakarta,TIDAK DICANTUMKAN
240,DKI Jakarta,TIDAK DICANTUMKAN
241,DKI Jakarta,S1
242,DKI Jakarta,TIDAK DICANTUMKAN
243,DKI Jakarta,TIDAK DICANTUMKAN
244,DKI Jakarta,TIDAK DICANTUMKAN
245,DKI Jakarta,S1
246,DKI Jakarta,TIDAK DICANTUMKAN
247,DKI Jakarta,S1
248,DKI Jakarta,TIDAK DICANTUMKAN
249,DKI Jakarta,TIDAK DICANTUMKAN
250,Banten,TIDAK DICANTUMKAN
251,Banten,TIDAK DICANTUMKAN
252,Banten,TIDAK DICANTUMKAN
253,DKI Jakarta,TIDAK DICANTUMKAN
254,DKI Jakarta,S1
255,DKI Jakarta,TIDAK DICANTUMKAN
256,DKI Jakarta,TIDAK DICANTUMKAN
257,DKI Jakarta,TIDAK DICANTUMKAN
258,Kepulauan Riau,TIDAK DICANTUMKAN
259,DKI Jakarta,TIDAK DICANTUMKAN
260,Kepulauan Riau,TIDAK DICANTUMKAN
261,DKI Jakarta,S1
262,DKI Jakarta,TIDAK DICANTUMKAN
263,Banten,S1
264,DKI Jakarta,TIDAK DICANTUMKAN
265,DKI Jakarta,TIDAK DICANTUMKAN
266,DKI Jakarta,S1
267,DKI Jakarta,TIDAK DICANTUMKAN
268,DKI Jakarta,TIDAK DICANTUMKAN
269,DKI Jakarta,TIDAK DICANTUMKAN
270,DKI Jakarta,TIDAK DICANTUMKAN
271,DKI Jakarta,TIDAK DICANTUMKAN
272,DKI Jakarta,TIDAK DICANTUMKAN
273,Banten,S1
274,DKI Jakarta,TIDAK DICANTUMKAN
275,DKI Jakarta,D3
276,DKI Jakarta,D3
277,DKI Jakarta,TIDAK DICANTUMKAN
278,DKI Jakarta,D3
279,DKI Jakarta,TIDAK DICANTUMKAN
280,DKI Jakarta,TIDAK DICANTUMKAN
281,DKI Jakarta,TIDAK DICANTUMKAN
282,Kepulauan Riau,D3
283,Jawa Barat,TIDAK DICANTUMKAN
284,DKI Jakarta,TIDAK DICANTUMKAN
285,Jawa Barat,TIDAK DICANTUMKAN
286,DKI Jakarta,TIDAK DICANTUMKAN
287,Jawa Barat,TIDAK DICANTUMKAN
288,DKI Jakarta,D3
289,Kepulauan Riau,TIDAK DICANTUMKAN
290,DKI Jakarta,S1
291,Banten,S1
292,DKI Jakarta,TIDAK DICANTUMKAN
293,DKI Jakarta,S1
294,DKI Jakarta,TIDAK DICANTUMKAN
295,DKI Jakarta,TIDAK DICANTUMKAN
296,DKI Jakarta,D3
296,DKI Jakarta,S1
297,DKI Jakarta,TIDAK DICANTUMKAN
298,DKI Jakarta,S1
299,Kepulauan Riau,TIDAK DICANTUMKAN
300,Jawa Barat,S1
301,DKI Jakarta,S1
302,DKI Jakarta,S1
303,DKI Jakarta,TIDAK DICANTUMKAN
304,DKI Jakarta,S1
305,Banten,S1
306,Banten,S1
307,Jawa Barat,S1
308,DKI Jakarta,TIDAK DICANTUMKAN
309,DKI Jakarta,S1
310,DI Yogyakarta,TIDAK DICANTUMKAN
311,Kepulauan Riau,TIDAK DICANTUMKAN
312,Kepulauan Riau,TIDAK DICANTUMKAN
313,DKI Jakarta,TIDAK DICANTUMKAN
314,DKI Jakarta,TIDAK DICANTUMKAN
315,DKI Jakarta,D3
316,DKI Jakarta,S1
317,DKI Jakarta,D3
318,DKI Jakarta,TIDAK DICANTUMKAN
319,Banten,TIDAK DICANTUMKAN
320,DKI Jakarta,D3
321,DKI Jakarta,TIDAK DICANTUMKAN
322,DKI Jakarta,TIDAK DICANTUMKAN
323,DKI Jakarta,TIDAK DICANTUMKAN
324,DKI Jakarta,TIDAK DICANTUMKAN
325,DKI Jakarta,TIDAK DICANTUMKAN
326,DKI Jakarta,TIDAK DICANTUMKAN
327,DKI Jakarta,TIDAK DICANTUMKAN
328,DKI Jakarta,TIDAK DICANTUMKAN
329,DKI Jakarta,TIDAK DICANTUMKAN
330,Kepulauan Riau,TIDAK DICANTUMKAN
331,DKI Jakarta,TIDAK DICANTUMKAN
332,DKI Jakarta,S1
333,DKI Jakarta,TIDAK DICANTUMKAN
334,DKI Jakarta,TIDAK DICANTUMKAN
335,DKI Jakarta,TIDAK DICANTUMKAN
336,Banten,TIDAK DICANTUMKAN
337,Banten,TIDAK DICANTUMKAN
338,DKI Jakarta,S1
339,DKI Jakarta,TIDAK DICANTUMKAN
340,Banten,TIDAK DICANTUMKAN
341,Kepulauan Riau,TIDAK DICANTUMKAN
342,Kepulauan Riau,TIDAK DICANTUMKAN
343,Kepulauan Riau,TIDAK DICANTUMKAN
344,DKI Jakarta,S1
345,Jawa Barat,TIDAK DICANTUMKAN
346,Kepulauan Riau,TIDAK DICANTUMKAN
347,DKI Jakarta,S1
348,Kepulauan Riau,TIDAK DICANTUMKAN
349,DKI Jakarta,S1
350,DKI Jakarta,TIDAK DICANTUMKAN
351,DKI Jakarta,TIDAK DICANTUMKAN
352,DKI Jakarta,TIDAK DICANTUMKAN
353,Banten,TIDAK DICANTUMKAN
354,Kepulauan Riau,D3
355,DKI Jakarta,S1
356,DKI Jakarta,TIDAK DICANTUMKAN
357,DKI Jakarta,TIDAK DICANTUMKAN
358,DKI Jakarta,TIDAK DICANTUMKAN
359,Kepulauan Riau,S1
360,DKI Jakarta,S1
361,Kepulauan Riau,TIDAK DICANTUMKAN
362,DKI Jakarta,TIDAK DICANTUMKAN
363,DKI Jakarta,TIDAK DICANTUMKAN
364,DKI Jakarta,S1
365,Kepulauan Riau,TIDAK DICANTUMKAN
366,DKI Jakarta,S1
367,DKI Jakarta,TIDAK DICANTUMKAN
368,Kepulauan Riau,TIDAK DICANTUMKAN
369,Banten,TIDAK DICANTUMKAN
370,DKI Jakarta,TIDAK DICANTUMKAN
371,DKI Jakarta,D3
372,Kepulauan Riau,TIDAK DICANTUMKAN
373,Jawa Barat,S1
374,DKI Jakarta,S1
375,DKI Jakarta,TIDAK DICANTUMKAN
376,DKI Jakarta,TIDAK DICANTUMKAN
377,Jawa Tengah,TIDAK DICANTUMKAN
378,DKI Jakarta,TIDAK DICANTUMKAN
379,Kepulauan Riau,S1
380,Kepulauan Riau,TIDAK DICANTUMKAN
381,DKI Jakarta,TIDAK DICANTUMKAN
382,Jawa Timur,TIDAK DICANTUMKAN
383,DKI Jakarta,S1
383,DKI Jakarta,D3
384,DKI Jakarta,TIDAK DICANTUMKAN
385,Kepulauan Riau,TIDAK DICANTUMKAN
386,DKI Jakarta,TIDAK DICANTUMKAN
387,DKI Jakarta,S1
388,Jawa Timur,S1
389,DKI Jakarta,TIDAK DICANTUMKAN
390,DKI Jakarta,TIDAK DICANTUMKAN
391,DKI Jakarta,TIDAK DICANTUMKAN
392,DKI Jakarta,TIDAK DICANTUMKAN
393,DKI Jakarta,TIDAK DICANTUMKAN
394,DKI Jakarta,TIDAK DICANTUMKAN
395,Kepulauan Riau,D3
396,DKI Jakarta,TIDAK DICANTUMKAN
397,Banten,TIDAK DICANTUMKAN
398,DKI Jakarta,TIDAK DICANTUMKAN
399,DKI Jakarta,TIDAK DICANTUMKAN
400,DKI Jakarta,TIDAK DICANTUMKAN
401,Kepulauan Riau,D3
402,DKI Jakarta,TIDAK DICANTUMKAN
403,DKI Jakarta,TIDAK DICANTUMKAN
404,DI Yogyakarta,TIDAK DICANTUMKAN
405,Kepulauan Riau,TIDAK DICANTUMKAN
406,DKI Jakarta,TIDAK DICANTUMKAN
407,Banten,S1
408,DKI Jakarta,TIDAK DICANTUMKAN
409,DI Yogyakarta,TIDAK DICANTUMKAN
410,Jawa Barat,TIDAK DICANTUMKAN
411,DKI Jakarta,S1
412,Jawa Timur,TIDAK DICANTUMKAN
413,DKI Jakarta,D3
414,Kepulauan Riau,TIDAK DICANTUMKAN
415,DKI Jakarta,TIDAK DICANTUMKAN
416,DKI Jakarta,TIDAK DICANTUMKAN
417,Kepulauan Riau,TIDAK DICANTUMKAN
418,DKI Jakarta,TIDAK DICANTUMKAN
419,Jawa Timur,S1
420,Kepulauan Riau,TIDAK DICANTUMKAN
421,DKI Jakarta,D3
421,DKI Jakarta,S1
422,DKI Jakarta,TIDAK DICANTUMKAN
423,DKI Jakarta,TIDAK DICANTUMKAN
424,Kepulauan Riau,D3
425,Kepulauan Riau,D3
426,DKI Jakarta,TIDAK DICANTUMKAN
427,Jawa Barat,TIDAK DICANTUMKAN
428,DKI Jakarta,D3
428,DKI Jakarta,S1
429,DKI Jakarta,S1
430,Jawa Tengah,SMK
431,DKI Jakarta,S1
432,Kepulauan Riau,TIDAK DICANTUMKAN
433,Banten,SMK
434,DKI Jakarta,TIDAK DICANTUMKAN
435,DKI Jakarta,TIDAK DICANTUMKAN
436,Banten,TIDAK DICANTUMKAN
437,DKI Jakarta,S1
438,DKI Jakarta,TIDAK DICANTUMKAN
439,Jawa Barat,TIDAK DICANTUMKAN
440,DKI Jakarta,D3
441,Jawa Tengah,TIDAK DICANTUMKAN
442,DKI Jakarta,S1
443,Kepulauan Riau,S1
443,Kepulauan Riau,D3
444,DKI Jakarta,TIDAK DICANTUMKAN
445,Banten,S1
446,DKI Jakarta,TIDAK DICANTUMKAN
447,DKI Jakarta,S1
448,Banten,TIDAK DICANTUMKAN
449,DKI Jakarta,S1
450,Jawa Tengah,S1
451,DKI Jakarta,S1
452,DKI Jakarta,S1
453,Kepulauan Riau,TIDAK DICANTUMKAN
454,Jawa Barat,TIDAK DICANTUMKAN
455,DKI Jakarta,TIDAK DICANTUMKAN
456,Jawa Barat,TIDAK DICANTUMKAN
457,Kepulauan Riau,TIDAK DICANTUMKAN
458,Jawa Barat,TIDAK DICANTUMKAN
459,DKI Jakarta,TIDAK DICANTUMKAN
460,DKI Jakarta,TIDAK DICANTUMKAN
461,Banten,S1
462,DKI Jakarta,TIDAK DICANTUMKAN
463,DKI Jakarta,TIDAK DICANTUMKAN
464,Banten,TIDAK DICANTUMKAN
465,DKI Jakarta,D3
466,Banten,S1
467,DKI Jakarta,S1
468,Jawa Barat,SMK
469,DKI Jakarta,D3
470,DKI Jakarta,SMK
470,DKI Jakarta,D3
471,DKI Jakarta,D3
471,DKI Jakarta,S1
472,Banten,D3
473,DI Yogyakarta,TIDAK DICANTUMKAN
474,DKI Jakarta,S1
475,DKI Jakarta,S1
476,DKI Jakarta,S1
477,Jawa Timur,S1
478,Jawa Timur,TIDAK DICANTUMKAN
479,DKI Jakarta,TIDAK DICANTUMKAN
480,Jawa Barat,TIDAK DICANTUMKAN
481,Banten,D3
482,DKI Jakarta,S1
483,DKI Jakarta,S1
484,DKI Jakarta,TIDAK DICANTUMKAN
485,Banten,S1
486,DKI Jakarta,S1
487,Jawa Barat,TIDAK DICANTUMKAN
488,DKI Jakarta,S1
489,DI Yogyakarta,D3
490,DKI Jakarta,TIDAK DICANTUMKAN
491,DKI Jakarta,SMK
492,DKI Jakarta,D3
493,Banten,D3
494,DKI Jakarta,S1
495,DKI Jakarta,S1
496,Jawa Barat,D3
497,Sumatera Selatan,SMK
498,Banten,D3
499,Kepulauan Riau,TIDAK DICANTUMKAN
500,Sumatera Selatan,SMK
501,DKI Jakarta,TIDAK DICANTUMKAN
502,DI Yogyakarta,D3
503,DKI Jakarta,TIDAK DICANTUMKAN
504,DKI Jakarta,D3
505,DKI Jakarta,TIDAK DICANTUMKAN
506,Jawa Barat,S1
507,Jawa Barat,TIDAK DICANTUMKAN
508,Jawa Barat,TIDAK DICANTUMKAN
509,Jawa Barat,TIDAK DICANTUMKAN
510,DKI Jakarta,S1
511,DKI Jakarta,S1
512,DKI Jakarta,D3
513,DKI Jakarta,D3
514,DKI Jakarta,TIDAK DICANTUMKAN
515,Sumatera Utara,SMK
516,DKI Jakarta,D3
517,Jawa Barat,S1
518,DKI Jakarta,S1
519,DKI Jakarta,TIDAK DICANTUMKAN
520,Jawa Barat,TIDAK DICANTUMKAN
521,Jawa Tengah,TIDAK DICANTUMKAN
522,Jawa Barat,TIDAK DICANTUMKAN
523,Jawa Barat,D3
524,DKI Jakarta,S1
525,Banten,TIDAK DICANTUMKAN
526,Jawa Barat,D3
527,DKI Jakarta,TIDAK DICANTUMKAN
528,DI Yogyakarta,TIDAK DICANTUMKAN
529,Kepulauan Riau,S1
530,DI Yogyakarta,S1
531,Kalimantan Timur,S1
532,Kepulauan Riau,TIDAK DICANTUMKAN
533,DKI Jakarta,TIDAK DICANTUMKAN
534,Jawa Barat,S1
535,Jawa Barat,S1
536,Riau,D3
537,DKI Jakarta,TIDAK DICANTUMKAN
538,DI Yogyakarta,TIDAK DICANTUMKAN
539,Banten,TIDAK DICANTUMKAN
540,DKI Jakarta,TIDAK DICANTUMKAN
541,DKI Jakarta,TIDAK DICANTUMKAN
542,DKI Jakarta,TIDAK DICANTUMKAN
543,DKI Jakarta,TIDAK DICANTUMKAN
544,DKI Jakarta,TIDAK DICANTUMKAN
545,Jawa Tengah,TIDAK DICANTUMKAN
546,DKI Jakarta,TIDAK DICANTUMKAN
547,Jawa Barat,TIDAK DICANTUMKAN
548,DKI Jakarta,S1
549,DKI Jakarta,TIDAK DICANTUMKAN
550,DKI Jakarta,TIDAK DICANTUMKAN
551,Jawa Timur,S1
552,DKI Jakarta,TIDAK DICANTUMKAN
553,Jawa Barat,TIDAK DICANTUMKAN
554,Kepulauan Riau,TIDAK DICANTUMKAN
555,Jawa Timur,TIDAK DICANTUMKAN
556,Jawa Timur,TIDAK DICANTUMKAN
557,DKI Jakarta,TIDAK DICANTUMKAN
558,Jawa Barat,S1
559,DKI Jakarta,S1
560,DKI Jakarta,S1
561,DKI Jakarta,S1
562,Kepulauan Riau,TIDAK DICANTUMKAN
563,DKI Jakarta,TIDAK DICANTUMKAN
564,DKI Jakarta,TIDAK DICANTUMKAN
565,DKI Jakarta,TIDAK DICANTUMKAN
566,Jawa Barat,TIDAK DICANTUMKAN
567,Kepulauan Riau,TIDAK DICANTUMKAN
568,Kepulauan Riau,TIDAK DICANTUMKAN
569,DKI Jakarta,TIDAK DICANTUMKAN
570,DKI Jakarta,TIDAK DICANTUMKAN
571,Jawa Timur,SMK
572,DKI Jakarta,TIDAK DICANTUMKAN
573,DKI Jakarta,TIDAK DICANTUMKAN
574,DKI Jakarta,TIDAK DICANTUMKAN
575,Kepulauan Riau,TIDAK DICANTUMKAN
576,DKI Jakarta,TIDAK DICANTUMKAN
577,DKI Jakarta,D3
577,DKI Jakarta,S1
578,Jawa Timur,D3
579,DKI Jakarta,S1
580,Jawa Barat,TIDAK DICANTUMKAN
581,DKI Jakarta,TIDAK DICANTUMKAN
582,DKI Jakarta,TIDAK DICANTUMKAN
583,Jawa Barat,D3
584,Jawa Barat,D3
585,Kepulauan Riau,TIDAK DICANTUMKAN
586,DKI Jakarta,TIDAK DICANTUMKAN
587,Jawa Barat,D3
588,DKI Jakarta,D3
589,DKI Jakarta,S1
590,DKI Jakarta,TIDAK DICANTUMKAN
591,DKI Jakarta,D3
591,DKI Jakarta,S1
592,DKI Jakarta,TIDAK DICANTUMKAN
593,DKI Jakarta,S1
594,DKI Jakarta,TIDAK DICANTUMKAN
595,DKI Jakarta,TIDAK DICANTUMKAN
596,Jawa Barat,TIDAK DICANTUMKAN
597,DKI Jakarta,TIDAK DICANTUMKAN
598,Jawa Timur,TIDAK DICANTUMKAN
599,DKI Jakarta,TIDAK DICANTUMKAN
600,DKI Jakarta,S1
601,DKI Jakarta,TIDAK DICANTUMKAN
602,DKI Jakarta,TIDAK DICANTUMKAN
603,Jawa Barat,TIDAK DICANTUMKAN
604,DKI Jakarta,S1
604,DKI Jakarta,D3
605,DKI Jakarta,TIDAK DICANTUMKAN
606,DKI Jakarta,S1
607,DKI Jakarta,TIDAK DICANTUMKAN
608,DKI Jakarta,TIDAK DICANTUMKAN
609,DKI Jakarta,TIDAK DICANTUMKAN
610,DKI Jakarta,TIDAK DICANTUMKAN
611,DKI Jakarta,S1
612,DKI Jakarta,TIDAK DICANTUMKAN
613,DKI Jakarta,D3
613,DKI Jakarta,S1
614,DKI Jakarta,TIDAK DICANTUMKAN
615,Jawa Barat,S1
616,DKI Jakarta,TIDAK DICANTUMKAN
617,DKI Jakarta,TIDAK DICANTUMKAN
618,DKI Jakarta,TIDAK DICANTUMKAN
619,DKI Jakarta,TIDAK DICANTUMKAN
620,Jawa Timur,S1
621,DKI Jakarta,TIDAK DICANTUMKAN
622,Jawa Timur,TIDAK DICANTUMKAN
623,Jawa Barat,S1
624,DKI Jakarta,S1
625,Jawa Timur,S1
626,Jawa Barat,S1
627,DKI Jakarta,TIDAK DICANTUMKAN
628,DKI Jakarta,TIDAK DICANTUMKAN
629,DKI Jakarta,TIDAK DICANTUMKAN
630,DKI Jakarta,S1
631,DKI Jakarta,TIDAK DICANTUMKAN
632,Jawa Timur,TIDAK DICANTUMKAN
633,Bali,TIDAK DICANTUMKAN
634,DKI Jakarta,S1
635,DKI Jakarta,TIDAK DICANTUMKAN
636,DKI Jakarta,TIDAK DICANTUMKAN
637,DKI Jakarta,S1
638,DKI Jakarta,S1
639,DI Yogyakarta,TIDAK DICANTUMKAN
640,DKI Jakarta,S1
641,DKI Jakarta,D3
642,DKI Jakarta,D3
642,DKI Jakarta,S1
643,DKI Jakarta,TIDAK DICANTUMKAN
644,DKI Jakarta,TIDAK DICANTUMKAN
645,DKI Jakarta,S1
646,DI Yogyakarta,S1
647,Sumatera Selatan,D3
648,DKI Jakarta,TIDAK DICANTUMKAN
649,DKI Jakarta,TIDAK DICANTUMKAN
650,DKI Jakarta,D3
651,DKI Jakarta,S1
652,DKI Jakarta,S1
653,Jawa Tengah,D3
654,Banten,D3
655,Kepulauan Riau,TIDAK DICANTUMKAN
656,Banten,TIDAK DICANTUMKAN
657,Sumatera Utara,TIDAK DICANTUMKAN
658,Banten,TIDAK DICANTUMKAN
659,DKI Jakarta,TIDAK DICANTUMKAN
660,DKI Jakarta,TIDAK DICANTUMKAN
661,DKI Jakarta,TIDAK DICANTUMKAN
662,DKI Jakarta,TIDAK DICANTUMKAN
663,DKI Jakarta,S1
664,DKI Jakarta,S1
665,DKI Jakarta,S1
666,DKI Jakarta,S1
667,DKI Jakarta,S1
668,DKI Jakarta,TIDAK DICANTUMKAN
669,DKI Jakarta,TIDAK DICANTUMKAN
670,DKI Jakarta,TIDAK DICANTUMKAN
671,DKI Jakarta,TIDAK DICANTUMKAN
672,DKI Jakarta,TIDAK DICANTUMKAN
673,Jawa Barat,TIDAK DICANTUMKAN
674,Jawa Barat,TIDAK DICANTUMKAN
675,DKI Jakarta,S1
676,DKI Jakarta,TIDAK DICANTUMKAN
677,DKI Jakarta,D3
677,DKI Jakarta,S1
678,DKI Jakarta,TIDAK DICANTUMKAN
679,Sumatera Barat,TIDAK DICANTUMKAN
680,Sumatera Barat,TIDAK DICANTUMKAN
681,Sumatera Barat,TIDAK DICANTUMKAN
682,DKI Jakarta,S1
683,Sumatera Barat,TIDAK DICANTUMKAN
684,DKI Jakarta,S1
685,Sumatera Barat,TIDAK DICANTUMKAN
686,DKI Jakarta,TIDAK DICANTUMKAN
687,DI Yogyakarta,TIDAK DICANTUMKAN
688,DI Yogyakarta,TIDAK DICANTUMKAN
689,DKI Jakarta,TIDAK DICANTUMKAN
690,DKI Jakarta,S1
691,DI Yogyakarta,TIDAK DICANTUMKAN
692,Sumatera Barat,TIDAK DICANTUMKAN
693,DI Yogyakarta,TIDAK DICANTUMKAN
694,DKI Jakarta,S1
695,Jawa Barat,TIDAK DICANTUMKAN
696,Jawa Barat,D3
697,DKI Jakarta,S1
698,DKI Jakarta,S1
699,Jawa Barat,TIDAK DICANTUMKAN
700,DI Yogyakarta,TIDAK DICANTUMKAN
701,Jawa Barat,TIDAK DICANTUMKAN
702,Jawa Timur,SMK
703,DKI Jakarta,TIDAK DICANTUMKAN
704,DI Yogyakarta,TIDAK DICANTUMKAN
705,DI Yogyakarta,TIDAK DICANTUMKAN
706,DKI Jakarta,D3
707,DI Yogyakarta,TIDAK DICANTUMKAN
708,Banten,TIDAK DICANTUMKAN
709,Banten,D3
710,Banten,S1
711,DKI Jakarta,S1
712,DKI Jakarta,TIDAK DICANTUMKAN
713,DKI Jakarta,SMK
714,Banten,TIDAK DICANTUMKAN
715,DKI Jakarta,TIDAK DICANTUMKAN
716,DI Yogyakarta,TIDAK DICANTUMKAN
717,DKI Jakarta,S1
718,Jawa Barat,TIDAK DICANTUMKAN
719,DKI Jakarta,S1
720,DKI Jakarta,TIDAK DICANTUMKAN
721,DKI Jakarta,TIDAK DICANTUMKAN
722,Jawa Timur,TIDAK DICANTUMKAN
723,Banten,D3
724,Jawa Timur,TIDAK DICANTUMKAN
725,Jawa Timur,TIDAK DICANTUMKAN
726,Jawa Timur,TIDAK DICANTUMKAN
727,Jawa Timur,TIDAK DICANTUMKAN
728,Jawa Barat,TIDAK DICANTUMKAN
729,DKI Jakarta,TIDAK DICANTUMKAN
730,Jawa Timur,TIDAK DICANTUMKAN
731,Jawa Timur,S1
732,Kepulauan Riau,TIDAK DICANTUMKAN
733,DKI Jakarta,TIDAK DICANTUMKAN
734,DKI Jakarta,TIDAK DICANTUMKAN
735,DKI Jakarta,S1
736,Jawa Timur,SMK
737,DKI Jakarta,S1
738,DKI Jakarta,TIDAK DICANTUMKAN
739,Jawa Timur,D3
740,DI Yogyakarta,TIDAK DICANTUMKAN
741,DKI Jakarta,S1
742,Jawa Barat,D3
742,Jawa Barat,S1
743,Jawa Barat,S1
744,Banten,TIDAK DICANTUMKAN
745,DKI Jakarta,TIDAK DICANTUMKAN
746,DKI Jakarta,S1
747,Banten,TIDAK DICANTUMKAN
748,DI Yogyakarta,D3
749,Jawa Barat,D3
750,Jawa Barat,S1
751,DI Yogyakarta,TIDAK DICANTUMKAN
752,Jawa Barat,D3
753,Jawa Barat,TIDAK DICANTUMKAN
754,DKI Jakarta,S1
755,DKI Jakarta,TIDAK DICANTUMKAN
756,DKI Jakarta,TIDAK DICANTUMKAN
757,Jawa Barat,D3
758,DKI Jakarta,S1
758,DKI Jakarta,D3
759,DKI Jakarta,TIDAK DICANTUMKAN
760,Jawa Timur,TIDAK DICANTUMKAN
761,DKI Jakarta,S1
762,DKI Jakarta,TIDAK DICANTUMKAN
763,DKI Jakarta,S1
764,Banten,TIDAK DICANTUMKAN
765,DKI Jakarta,D3
766,DKI Jakarta,TIDAK DICANTUMKAN
767,Jawa Barat,TIDAK DICANTUMKAN
768,DKI Jakarta,TIDAK DICANTUMKAN
769,DKI Jakarta,S1
770,DKI Jakarta,TIDAK DICANTUMKAN
771,Jawa Barat,D3
772,DKI Jakarta,TIDAK DICANTUMKAN
773,DKI Jakarta,TIDAK DICANTUMKAN
774,Banten,S1
775,DKI Jakarta,TIDAK DICANTUMKAN
776,DKI Jakarta,D3
777,Kepulauan Riau,TIDAK DICANTUMKAN
778,DKI Jakarta,S1
779,DKI Jakarta,S1
780,Kepulauan Riau,TIDAK DICANTUMKAN
781,DKI Jakarta,TIDAK DICANTUMKAN
782,DKI Jakarta,TIDAK DICANTUMKAN
783,Jawa Barat,TIDAK DICANTUMKAN
784,Kepulauan Riau,S1
784,Kepulauan Riau,D3
785,Jawa Barat,D3
785,Jawa Barat,S1
786,Banten,S1
787,DKI Jakarta,TIDAK DICANTUMKAN
788,DKI Jakarta,TIDAK DICANTUMKAN
789,DKI Jakarta,TIDAK DICANTUMKAN
790,DKI Jakarta,TIDAK DICANTUMKAN
791,DKI Jakarta,TIDAK DICANTUMKAN
792,DKI Jakarta,TIDAK DICANTUMKAN
793,Jawa Timur,TIDAK DICANTUMKAN
794,DKI Jakarta,S1
795,Jawa Timur,TIDAK DICANTUMKAN
796,DI Yogyakarta,S1
797,DKI Jakarta,S1
798,DKI Jakarta,TIDAK DICANTUMKAN
799,DKI Jakarta,TIDAK DICANTUMKAN
800,DKI Jakarta,S1
801,DKI Jakarta,TIDAK DICANTUMKAN
802,DI Yogyakarta,TIDAK DICANTUMKAN
803,Jawa Timur,TIDAK DICANTUMKAN
804,DI Yogyakarta,D3
804,DI Yogyakarta,S1
805,Jawa Barat,TIDAK DICANTUMKAN
806,DI Yogyakarta,S1
807,DKI Jakarta,TIDAK DICANTUMKAN
808,DI Yogyakarta,TIDAK DICANTUMKAN
809,DKI Jakarta,S1
810,Banten,TIDAK DICANTUMKAN
811,Banten,TIDAK DICANTUMKAN
812,Jawa Timur,S1
813,Jawa Barat,TIDAK DICANTUMKAN
814,DI Yogyakarta,TIDAK DICANTUMKAN
815,DKI Jakarta,D3
816,DI Yogyakarta,TIDAK DICANTUMKAN
817,DKI Jakarta,TIDAK DICANTUMKAN
818,DKI Jakarta,TIDAK DICANTUMKAN
819,DKI Jakarta,TIDAK DICANTUMKAN
820,DKI Jakarta,TIDAK DICANTUMKAN
821,DKI Jakarta,TIDAK DICANTUMKAN
822,Jawa Timur,TIDAK DICANTUMKAN
823,DKI Jakarta,TIDAK DICANTUMKAN
824,DKI Jakarta,D3
825,Banten,S1
826,Banten,D3
827,Jawa Timur,D3
828,DKI Jakarta,S1
829,DKI Jakarta,S1
830,DKI Jakarta,TIDAK DICANTUMKAN
831,Jawa Barat,TIDAK DICANTUMKAN
832,DKI Jakarta,TIDAK DICANTUMKAN
833,DI Yogyakarta,TIDAK DICANTUMKAN
834,DKI Jakarta,TIDAK DICANTUMKAN
835,DI Yogyakarta,TIDAK DICANTUMKAN
836,Banten,S1
837,Jawa Barat,TIDAK DICANTUMKAN
838,DI Yogyakarta,TIDAK DICANTUMKAN
839,DKI Jakarta,S1
840,DKI Jakarta,S1
841,DKI Jakarta,TIDAK DICANTUMKAN
842,Jawa Barat,TIDAK DICANTUMKAN
843,Jawa Timur,TIDAK DICANTUMKAN
844,DKI Jakarta,S1
845,Jawa Barat,TIDAK DICANTUMKAN
846,DKI Jakarta,TIDAK DICANTUMKAN
847,Jawa Barat,TIDAK DICANTUMKAN
848,DKI Jakarta,TIDAK DICANTUMKAN
849,DKI Jakarta,TIDAK DICANTUMKAN
850,DKI Jakarta,S1
851,DI Yogyakarta,TIDAK DICANTUMKAN
852,DI Yogyakarta,TIDAK DICANTUMKAN
853,DKI Jakarta,TIDAK DICANTUMKAN
854,DKI Jakarta,TIDAK DICANTUMKAN
855,DKI Jakarta,S1
856,DKI Jakarta,TIDAK DICANTUMKAN
857,Jawa Timur,TIDAK DICANTUMKAN
858,DKI Jakarta,S1
859,Jawa Timur,S1
860,DKI Jakarta,S1
861,Jawa Barat,TIDAK DICANTUMKAN
862,DKI Jakarta,TIDAK DICANTUMKAN
863,DKI Jakarta,TIDAK DICANTUMKAN
864,DKI Jakarta,SMK
865,DKI Jakarta,S1
866,Jawa Barat,TIDAK DICANTUMKAN
867,Jawa Timur,TIDAK DICANTUMKAN
868,DKI Jakarta,TIDAK DICANTUMKAN
869,DKI Jakarta,D3
870,Kepulauan Riau,TIDAK DICANTUMKAN
871,DKI Jakarta,S1
872,DKI Jakarta,S1
873,Jawa Timur,TIDAK DICANTUMKAN
874,DKI Jakarta,TIDAK DICANTUMKAN
875,DKI Jakarta,TIDAK DICANTUMKAN
876,DKI Jakarta,TIDAK DICANTUMKAN
877,DKI Jakarta,D3
877,DKI Jakarta,S1
878,DI Yogyakarta,TIDAK DICANTUMKAN
879,DKI Jakarta,TIDAK DICANTUMKAN
880,DKI Jakarta,TIDAK DICANTUMKAN
881,Banten,TIDAK DICANTUMKAN
882,DKI Jakarta,TIDAK DICANTUMKAN
883,DKI Jakarta,S1
884,DKI Jakarta,TIDAK DICANTUMKAN
885,Jawa Timur,S1
886,DKI Jakarta,D3
887,DKI Jakarta,TIDAK DICANTUMKAN
888,Jawa Timur,TIDAK DICANTUMKAN
889,DKI Jakarta,D3
890,DKI Jakarta,TIDAK DICANTUMKAN
891,DKI Jakarta,TIDAK DICANTUMKAN
892,DKI Jakarta,D3
893,DKI Jakarta,D3
894,DKI Jakarta,TIDAK DICANTUMKAN
895,DKI Jakarta,S1
896,Jawa Timur,TIDAK DICANTUMKAN
897,DKI Jakarta,TIDAK DICANTUMKAN
898,DKI Jakarta,TIDAK DICANTUMKAN
899,DKI Jakarta,TIDAK DICANTUMKAN
900,DI Yogyakarta,S1
901,DKI Jakarta,TIDAK DICANTUMKAN
902,DKI Jakarta,TIDAK DICANTUMKAN
903,DKI Jakarta,S1
904,DKI Jakarta,S1
905,Sumatera Utara,TIDAK DICANTUMKAN
906,Jawa Barat,TIDAK DICANTUMKAN
907,DI Yogyakarta,TIDAK DICANTUMKAN
908,DKI Jakarta,TIDAK DICANTUMKAN
909,Kepulauan Riau,TIDAK DICANTUMKAN
910,Jawa Barat,TIDAK DICANTUMKAN
911,DKI Jakarta,S1
912,DKI Jakarta,S1
913,DKI Jakarta,TIDAK DICANTUMKAN
914,Banten,TIDAK DICANTUMKAN
915,DKI Jakarta,TIDAK DICANTUMKAN
916,DKI Jakarta,S1
917,Jawa Timur,D3
917,Jawa Timur,S1
918,DKI Jakarta,S1
919,DKI Jakarta,TIDAK DICANTUMKAN
920,DKI Jakarta,S1
921,DKI Jakarta,S1
922,DKI Jakarta,TIDAK DICANTUMKAN
923,DKI Jakarta,TIDAK DICANTUMKAN
924,DKI Jakarta,S1
925,DKI Jakarta,TIDAK DICANTUMKAN
926,Kepulauan Riau,TIDAK DICANTUMKAN
927,DKI Jakarta,S1
928,DKI Jakarta,S1
929,DKI Jakarta,D3
930,DI Yogyakarta,TIDAK DICANTUMKAN
931,Jawa Timur,TIDAK DICANTUMKAN
932,DKI Jakarta,TIDAK DICANTUMKAN
933,DKI Jakarta,TIDAK DICANTUMKAN
934,DKI Jakarta,D3
935,DKI Jakarta,D3
935,DKI Jakarta,S1
936,DKI Jakarta,D3
936,DKI Jakarta,S1
937,DKI Jakarta,TIDAK DICANTUMKAN
938,DKI Jakarta,S1
939,DKI Jakarta,TIDAK DICANTUMKAN
940,DKI Jakarta,TIDAK DICANTUMKAN
941,DKI Jakarta,D3
942,DI Yogyakarta,TIDAK DICANTUMKAN
943,Jawa Timur,TIDAK DICANTUMKAN
944,DKI Jakarta,TIDAK DICANTUMKAN
945,DI Yogyakarta,TIDAK DICANTUMKAN
946,Jawa Tengah,S1
947,DKI Jakarta,TIDAK DICANTUMKAN
948,DI Yogyakarta,TIDAK DICANTUMKAN
949,Kepulauan Riau,D3
950,DKI Jakarta,S1
951,DI Yogyakarta,TIDAK DICANTUMKAN
952,DKI Jakarta,TIDAK DICANTUMKAN
953,DKI Jakarta,TIDAK DICANTUMKAN
954,DKI Jakarta,TIDAK DICANTUMKAN
955,DKI Jakarta,TIDAK DICANTUMKAN
956,DKI Jakarta,S1
957,DKI Jakarta,TIDAK DICANTUMKAN
958,DKI Jakarta,S1
959,DKI Jakarta,SMK
960,DKI Jakarta,TIDAK DICANTUMKAN
961,DKI Jakarta,S1
962,DKI Jakarta,TIDAK DICANTUMKAN
963,DKI Jakarta,S1
964,DKI Jakarta,TIDAK DICANTUMKAN
965,DKI Jakarta,S1
966,DKI Jakarta,TIDAK DICANTUMKAN
967,DKI Jakarta,S1
968,DKI Jakarta,TIDAK DICANTUMKAN
969,DKI Jakarta,S1
970,DKI Jakarta,S1
971,Jawa Barat,TIDAK DICANTUMKAN
972,Banten,D3
973,DKI Jakarta,TIDAK DICANTUMKAN
974,Banten,D3
975,DKI Jakarta,TIDAK DICANTUMKAN
976,Bali,D3
977,DKI Jakarta,TIDAK DICANTUMKAN
978,DKI Jakarta,TIDAK DICANTUMKAN
979,DKI Jakarta,TIDAK DICANTUMKAN
980,Jawa Timur,TIDAK DICANTUMKAN
981,Jawa Barat,S1
982,DKI Jakarta,S1
983,DKI Jakarta,D3
983,DKI Jakarta,S1
984,DKI Jakarta,TIDAK DICANTUMKAN
985,DKI Jakarta,TIDAK DICANTUMKAN
986,DKI Jakarta,TIDAK DICANTUMKAN
987,DKI Jakarta,TIDAK DICANTUMKAN
988,DKI Jakarta,S1
989,Jawa Timur,S1
990,DKI Jakarta,TIDAK DICANTUMKAN
991,DKI Jakarta,TIDAK DICANTUMKAN
992,Papua,TIDAK DICANTUMKAN
993,Jawa Barat,TIDAK DICANTUMKAN
994,DKI Jakarta,TIDAK DICANTUMKAN
995,DKI Jakarta,S1
996,DKI Jakarta,TIDAK DICANTUMKAN
997,Jawa Barat,TIDAK DICANTUMKAN
998,DKI Jakarta,D3
998,DKI Jakarta,S1
999,DKI Jakarta,TIDAK DICANTUMKAN
1000,DKI Jakarta,S1
1001,Jawa Barat,TIDAK DICANTUMKAN
1002,DKI Jakarta,S1
1003,DKI Jakarta,TIDAK DICANTUMKAN
1004,Jawa Barat,TIDAK DICANTUMKAN
1005,DKI Jakarta,TIDAK DICANTUMKAN
1006,DKI Jakarta,TIDAK DICANTUMKAN
1007,Sumatera Utara,TIDAK DICANTUMKAN
1008,Kepulauan Riau,TIDAK DICANTUMKAN
1009,DKI Jakarta,S1
1010,DKI Jakarta,TIDAK DICANTUMKAN
1011,DI Yogyakarta,TIDAK DICANTUMKAN
1012,Jawa Barat,S1
1013,DKI Jakarta,S1
1014,DKI Jakarta,S1
1015,DKI Jakarta,TIDAK DICANTUMKAN
1016,DKI Jakarta,TIDAK DICANTUMKAN
1017,DKI Jakarta,D3
1018,Banten,S1
1019,DKI Jakarta,TIDAK DICANTUMKAN
1020,DI Yogyakarta,TIDAK DICANTUMKAN
1021,Kepulauan Riau,S1
1022,DI Yogyakarta,TIDAK DICANTUMKAN
1023,Banten,TIDAK DICANTUMKAN
1024,Kepulauan Riau,TIDAK DICANTUMKAN
1025,DKI Jakarta,S1
1026,DKI Jakarta,TIDAK DICANTUMKAN
1027,DKI Jakarta,S1
1028,DI Yogyakarta,TIDAK DICANTUMKAN
1029,DKI Jakarta,S1
1030,DKI Jakarta,TIDAK DICANTUMKAN
1031,DKI Jakarta,TIDAK DICANTUMKAN
1032,DKI Jakarta,SMK
1032,DKI Jakarta,D3
1032,DKI Jakarta,S1
1033,DKI Jakarta,SMK
1033,DKI Jakarta,D3
1033,DKI Jakarta,S1
1034,DKI Jakarta,S1
1035,DKI Jakarta,S1
1036,Banten,TIDAK DICANTUMKAN
1037,Jawa Timur,TIDAK DICANTUMKAN
1038,DKI Jakarta,S1
1039,DKI Jakarta,S1
1040,DKI Jakarta,S1
1041,DI Yogyakarta,D3
1041,DI Yogyakarta,S1
1042,DKI Jakarta,S1
1043,DKI Jakarta,S1
1044,DKI Jakarta,D3
1044,DKI Jakarta,S1
1045,DI Yogyakarta,D3
1045,DI Yogyakarta,S1
1046,Jawa Barat,S1
1046,Jawa Barat,D3
1047,DI Yogyakarta,D3
1047,DI Yogyakarta,S1
1048,DKI Jakarta,TIDAK DICANTUMKAN
1049,DKI Jakarta,TIDAK DICANTUMKAN
1050,DKI Jakarta,S1
1051,DKI Jakarta,TIDAK DICANTUMKAN
1052,DKI Jakarta,D3
1053,DKI Jakarta,S1
1054,DKI Jakarta,TIDAK DICANTUMKAN
1055,DKI Jakarta,S1
1056,DKI Jakarta,S1
1057,Jawa Timur,TIDAK DICANTUMKAN
1058,DKI Jakarta,TIDAK DICANTUMKAN
1059,DKI Jakarta,TIDAK DICANTUMKAN
1060,Jawa Barat,D3
1061,Kepulauan Riau,TIDAK DICANTUMKAN
1062,DKI Jakarta,TIDAK DICANTUMKAN
1063,DKI Jakarta,TIDAK DICANTUMKAN
1064,Jawa Timur,TIDAK DICANTUMKAN
1065,Jawa Barat,TIDAK DICANTUMKAN
1066,DI Yogyakarta,D3
1067,DKI Jakarta,SMK
1068,DKI Jakarta,S1
1069,DKI Jakarta,D3
1070,DKI Jakarta,TIDAK DICANTUMKAN
1071,Jawa Barat,TIDAK DICANTUMKAN
1072,DKI Jakarta,S1
1073,Jawa Timur,D3
1074,Jawa Timur,D3
1074,Jawa Timur,S1
1075,Banten,D3
1075,Banten,S1
1076,DKI Jakarta,TIDAK DICANTUMKAN
1077,Jawa Barat,TIDAK DICANTUMKAN
1078,DKI Jakarta,S1
1079,Jawa Barat,D3
1080,DKI Jakarta,TIDAK DICANTUMKAN
1081,Jawa Timur,TIDAK DICANTUMKAN
1082,DKI Jakarta,D3
1082,DKI Jakarta,S1
1083,Kepulauan Riau,TIDAK DICANTUMKAN
1084,DKI Jakarta,TIDAK DICANTUMKAN
1085,DKI Jakarta,D3
1085,DKI Jakarta,S1
1086,DKI Jakarta,TIDAK DICANTUMKAN
1087,DKI Jakarta,S1
1088,DKI Jakarta,S1
1089,DKI Jakarta,S1
1090,DKI Jakarta,TIDAK DICANTUMKAN
1091,DKI Jakarta,TIDAK DICANTUMKAN
1092,Jawa Barat,S1
1093,DKI Jakarta,D3
1094,DKI Jakarta,S1
1095,Banten,TIDAK DICANTUMKAN
1096,DKI Jakarta,D3
1097,Bali,TIDAK DICANTUMKAN
1098,Kepulauan Riau,TIDAK DICANTUMKAN
1099,DKI Jakarta,TIDAK DICANTUMKAN
1100,DKI Jakarta,TIDAK DICANTUMKAN
1101,DKI Jakarta,TIDAK DICANTUMKAN
1102,DKI Jakarta,TIDAK DICANTUMKAN
1103,Jawa Tengah,D3
1103,Jawa Tengah,S1
1104,DKI Jakarta,TIDAK DICANTUMKAN
1105,DKI Jakarta,S1
1106,DKI Jakarta,TIDAK DICANTUMKAN
1107,Jawa Timur,D3
1107,Jawa Timur,S1
1108,DKI Jakarta,S1
1109,Riau,TIDAK DICANTUMKAN
1110,Kepulauan Riau,D3
1111,Sumatera Utara,D3
1111,Sumatera Utara,S1
1112,Sulawesi Selatan,D3
1112,Sulawesi Selatan,S1
1113,Banten,S1
1114,Jawa Barat,TIDAK DICANTUMKAN
1115,DKI Jakarta,TIDAK DICANTUMKAN
1116,DKI Jakarta,S1
1117,DKI Jakarta,TIDAK DICANTUMKAN
1118,Jawa Barat,TIDAK DICANTUMKAN
1119,DKI Jakarta,TIDAK DICANTUMKAN
1120,Jawa Barat,TIDAK DICANTUMKAN
1121,Kepulauan Riau,TIDAK DICANTUMKAN
1122,DKI Jakarta,D3
1122,DKI Jakarta,S1
1123,Banten,TIDAK DICANTUMKAN
1124,DKI Jakarta,TIDAK DICANTUMKAN
1125,DKI Jakarta,TIDAK DICANTUMKAN
1126,Jawa Timur,TIDAK DICANTUMKAN
1127,DKI Jakarta,S1
1128,Jawa Barat,D3
1129,Jawa Barat,SMK
1130,Sumatera Utara,S1
1131,Sumatera Utara,TIDAK DICANTUMKAN
1132,DKI Jakarta,D3
1133,DKI Jakarta,TIDAK DICANTUMKAN
1134,DKI Jakarta,TIDAK DICANTUMKAN
1135,DKI Jakarta,D3
1135,DKI Jakarta,S1
1136,DKI Jakarta,S1
1137,Jawa Barat,D3
1138,DKI Jakarta,TIDAK DICANTUMKAN
1139,DKI Jakarta,TIDAK DICANTUMKAN
1140,DKI Jakarta,S1
1140,DKI Jakarta,D3
1141,DKI Jakarta,TIDAK DICANTUMKAN
1142,DKI Jakarta,TIDAK DICANTUMKAN
1143,DKI Jakarta,TIDAK DICANTUMKAN
1144,DKI Jakarta,D3
1144,DKI Jakarta,S1
1145,DKI Jakarta,S1
1146,DKI Jakarta,S1
1147,DKI Jakarta,S1
1148,DKI Jakarta,TIDAK DICANTUMKAN
1149,DKI Jakarta,S1
1150,DKI Jakarta,S1
1151,Jawa Timur,TIDAK DICANTUMKAN
1152,DKI Jakarta,TIDAK DICANTUMKAN
1153,DKI Jakarta,TIDAK DICANTUMKAN
1154,DKI Jakarta,S1
1155,DKI Jakarta,TIDAK DICANTUMKAN
1156,DKI Jakarta,TIDAK DICANTUMKAN
1157,Sumatera Utara,TIDAK DICANTUMKAN
1158,Jawa Barat,TIDAK DICANTUMKAN
1159,DKI Jakarta,S1
1160,DKI Jakarta,TIDAK DICANTUMKAN
1161,DKI Jakarta,TIDAK DICANTUMKAN
1162,Jawa Tengah,D3
1163,DKI Jakarta,S1
1164,Jawa Barat,TIDAK DICANTUMKAN
1165,DKI Jakarta,TIDAK DICANTUMKAN
1166,DKI Jakarta,S1
1167,Kepulauan Riau,TIDAK DICANTUMKAN
1168,DKI Jakarta,TIDAK DICANTUMKAN
1169,DKI Jakarta,S1
1170,DKI Jakarta,TIDAK DICANTUMKAN
1171,Jawa Barat,S1
1171,Jawa Barat,D3
1172,DKI Jakarta,TIDAK DICANTUMKAN
1173,DKI Jakarta,S1
1174,DKI Jakarta,S1
1175,DKI Jakarta,S1
1176,DKI Jakarta,TIDAK DICANTUMKAN
1177,DKI Jakarta,D3
1178,DKI Jakarta,S1
1179,DI Yogyakarta,TIDAK DICANTUMKAN
1180,DKI Jakarta,TIDAK DICANTUMKAN
1181,DKI Jakarta,S1
1182,DKI Jakarta,TIDAK DICANTUMKAN
1183,DKI Jakarta,S1
1184,DKI Jakarta,TIDAK DICANTUMKAN
1185,DKI Jakarta,SMK
1186,DKI Jakarta,TIDAK DICANTUMKAN
1187,DKI Jakarta,TIDAK DICANTUMKAN
1188,DKI Jakarta,S1
1189,DKI Jakarta,S1
1190,DKI Jakarta,TIDAK DICANTUMKAN
1191,DKI Jakarta,TIDAK DICANTUMKAN
1192,DKI Jakarta,D3
1193,Jawa Barat,TIDAK DICANTUMKAN
1194,DKI Jakarta,TIDAK DICANTUMKAN
1195,Jawa Barat,TIDAK DICANTUMKAN
1196,DKI Jakarta,TIDAK DICANTUMKAN
1197,DKI Jakarta,TIDAK DICANTUMKAN
1198,Jawa Barat,TIDAK DICANTUMKAN
1199,Jawa Timur,TIDAK DICANTUMKAN
1200,Jawa Barat,TIDAK DICANTUMKAN
1201,Jawa Timur,TIDAK DICANTUMKAN
1202,Jawa Timur,TIDAK DICANTUMKAN
1203,DKI Jakarta,S1
1204,DKI Jakarta,D3
1205,DKI Jakarta,TIDAK DICANTUMKAN
1206,DKI Jakarta,D3
1207,DKI Jakarta,D3
1208,DKI Jakarta,TIDAK DICANTUMKAN
1209,DKI Jakarta,S1
1210,Jawa Barat,D3
1211,Kepulauan Riau,S1
1212,DKI Jakarta,TIDAK DICANTUMKAN
1213,Banten,TIDAK DICANTUMKAN
1214,Jawa Timur,TIDAK DICANTUMKAN
1215,DKI Jakarta,D3
1216,DKI Jakarta,TIDAK DICANTUMKAN
1217,DKI Jakarta,TIDAK DICANTUMKAN
1218,Banten,TIDAK DICANTUMKAN
1219,DKI Jakarta,D3
1219,DKI Jakarta,S1
1220,Banten,TIDAK DICANTUMKAN
1221,Banten,TIDAK DICANTUMKAN
1222,Jawa Tengah,D3
1223,DKI Jakarta,S1
1224,Jawa Timur,S1
1225,Jawa Barat,TIDAK DICANTUMKAN
1226,DKI Jakarta,TIDAK DICANTUMKAN
1227,Jawa Tengah,TIDAK DICANTUMKAN
1228,DKI Jakarta,TIDAK DICANTUMKAN
1229,Jawa Barat,TIDAK DICANTUMKAN
1230,DKI Jakarta,D3
1231,DKI Jakarta,TIDAK DICANTUMKAN
1232,DKI Jakarta,TIDAK DICANTUMKAN
1233,Banten,TIDAK DICANTUMKAN
1234,DKI Jakarta,TIDAK DICANTUMKAN
1235,DKI Jakarta,D3
1236,DKI Jakarta,TIDAK DICANTUMKAN
1237,DKI Jakarta,S1
1238,Kepulauan Riau,TIDAK DICANTUMKAN
1239,Kepulauan Riau,TIDAK DICANTUMKAN
1240,Jawa Barat,S1
1241,DI Yogyakarta,TIDAK DICANTUMKAN
1242,DKI Jakarta,TIDAK DICANTUMKAN
1243,DKI Jakarta,S1
1244,DKI Jakarta,D3
1245,Jawa Barat,D3
1246,DKI Jakarta,S1
1247,DKI Jakarta,S1
1248,DKI Jakarta,TIDAK DICANTUMKAN
1249,Sumatera Utara,TIDAK DICANTUMKAN
1250,DKI Jakarta,TIDAK DICANTUMKAN
1251,DI Yogyakarta,TIDAK DICANTUMKAN
1252,Jawa Barat,TIDAK DICANTUMKAN
1253,Jawa Barat,D3
1254,DKI Jakarta,TIDAK DICANTUMKAN
1255,Jawa Barat,TIDAK DICANTUMKAN
1256,DI Yogyakarta,TIDAK DICANTUMKAN
1257,Banten,S1
1258,Jawa Timur,D3
1259,Jawa Barat,SMK
1260,DKI Jakarta,TIDAK DICANTUMKAN
1261,Jawa Tengah,TIDAK DICANTUMKAN
1262,DKI Jakarta,TIDAK DICANTUMKAN
1263,DKI Jakarta,S1
1264,DKI Jakarta,TIDAK DICANTUMKAN
1265,DKI Jakarta,TIDAK DICANTUMKAN
1266,Banten,D3
1266,Banten,S1
1267,Jawa Barat,TIDAK DICANTUMKAN
1268,Jawa Timur,TIDAK DICANTUMKAN
1269,DKI Jakarta,TIDAK DICANTUMKAN
1270,DI Yogyakarta,TIDAK DICANTUMKAN
1271,DKI Jakarta,S1
1272,Jawa Timur,TIDAK DICANTUMKAN
1273,DKI Jakarta,TIDAK DICANTUMKAN
1274,DKI Jakarta,S1
1275,DKI Jakarta,TIDAK DICANTUMKAN
1276,DKI Jakarta,TIDAK DICANTUMKAN
1277,DKI Jakarta,TIDAK DICANTUMKAN
1278,DKI Jakarta,TIDAK DICANTUMKAN
1279,DKI Jakarta,TIDAK DICANTUMKAN
1280,DKI Jakarta,D3
1281,DKI Jakarta,D3
1282,DKI Jakarta,TIDAK DICANTUMKAN
1283,Jawa Barat,TIDAK DICANTUMKAN
1284,DKI Jakarta,TIDAK DICANTUMKAN
1285,Banten,TIDAK DICANTUMKAN
1286,DKI Jakarta,TIDAK DICANTUMKAN
1287,DKI Jakarta,S1
1288,DKI Jakarta,TIDAK DICANTUMKAN
1289,DKI Jakarta,S1
1290,DKI Jakarta,TIDAK DICANTUMKAN
1291,DKI Jakarta,TIDAK DICANTUMKAN
1292,DKI Jakarta,D3
1293,DKI Jakarta,D3
1294,DKI Jakarta,D3
1295,DKI Jakarta,TIDAK DICANTUMKAN
1296,DI Yogyakarta,SMK
1296,DI Yogyakarta,S1
1297,DKI Jakarta,TIDAK DICANTUMKAN
1298,DKI Jakarta,TIDAK DICANTUMKAN
1299,DKI Jakarta,TIDAK DICANTUMKAN
1300,DKI Jakarta,TIDAK DICANTUMKAN
1301,Banten,TIDAK DICANTUMKAN
1302,DKI Jakarta,TIDAK DICANTUMKAN
1303,DKI Jakarta,TIDAK DICANTUMKAN
1304,DKI Jakarta,TIDAK DICANTUMKAN
1305,DKI Jakarta,TIDAK DICANTUMKAN
1306,DKI Jakarta,D3
1306,DKI Jakarta,S1
1307,DKI Jakarta,TIDAK DICANTUMKAN
1308,DI Yogyakarta,TIDAK DICANTUMKAN
1309,DI Yogyakarta,TIDAK DICANTUMKAN
1310,DKI Jakarta,TIDAK DICANTUMKAN
1311,Banten,TIDAK DICANTUMKAN
1312,DI Yogyakarta,TIDAK DICANTUMKAN
1313,Jawa Timur,S1
1314,DKI Jakarta,TIDAK DICANTUMKAN
1315,DKI Jakarta,S1
1316,Jawa Tengah,D3
1317,DKI Jakarta,TIDAK DICANTUMKAN
1318,DKI Jakarta,D3
1318,DKI Jakarta,SMK
1319,DKI Jakarta,TIDAK DICANTUMKAN
1320,DKI Jakarta,S1
1321,DKI Jakarta,D3
1321,DKI Jakarta,S1
1322,Jawa Timur,TIDAK DICANTUMKAN
1323,DKI Jakarta,TIDAK DICANTUMKAN
1324,DKI Jakarta,S1
1325,DKI Jakarta,TIDAK DICANTUMKAN
1326,DKI Jakarta,S1
1327,DKI Jakarta,S1
1328,DKI Jakarta,TIDAK DICANTUMKAN
1329,DKI Jakarta,TIDAK DICANTUMKAN
1330,DKI Jakarta,S1
1331,DKI Jakarta,TIDAK DICANTUMKAN
1332,DKI Jakarta,TIDAK DICANTUMKAN
1333,DKI Jakarta,TIDAK DICANTUMKAN
1334,DKI Jakarta,S1
1335,DKI Jakarta,TIDAK DICANTUMKAN
1336,DKI Jakarta,TIDAK DICANTUMKAN
1337,DKI Jakarta,TIDAK DICANTUMKAN
1338,DKI Jakarta,S1
1339,DKI Jakarta,TIDAK DICANTUMKAN
1340,DKI Jakarta,S1
1341,DKI Jakarta,TIDAK DICANTUMKAN
1342,DKI Jakarta,TIDAK DICANTUMKAN
1343,DKI Jakarta,TIDAK DICANTUMKAN
1344,DKI Jakarta,TIDAK DICANTUMKAN
1345,DKI Jakarta,S1
1346,DKI Jakarta,D3
1347,Jawa Timur,D3
1348,DKI Jakarta,S1
1349,DKI Jakarta,TIDAK DICANTUMKAN
1350,DKI Jakarta,S1
1350,DKI Jakarta,D3
1351,DKI Jakarta,TIDAK DICANTUMKAN
1352,DI Yogyakarta,TIDAK DICANTUMKAN
1353,Jawa Barat,TIDAK DICANTUMKAN
1354,Jawa Barat,S1
1355,DKI Jakarta,TIDAK DICANTUMKAN
1356,DKI Jakarta,TIDAK DICANTUMKAN
1357,DKI Jakarta,S1
1358,DKI Jakarta,S1
1359,Jawa Barat,TIDAK DICANTUMKAN
1360,DKI Jakarta,TIDAK DICANTUMKAN
1361,DKI Jakarta,TIDAK DICANTUMKAN
1362,DKI Jakarta,TIDAK DICANTUMKAN
1363,Jawa Timur,TIDAK DICANTUMKAN
1364,DKI Jakarta,S1
1365,DKI Jakarta,S1
1366,DKI Jakarta,S1
1367,DKI Jakarta,S1
1368,Kepulauan Riau,TIDAK DICANTUMKAN
1369,Banten,D3
1369,Banten,S1
1370,DI Yogyakarta,S1
1371,DKI Jakarta,TIDAK DICANTUMKAN
1372,DKI Jakarta,S1
1373,DKI Jakarta,S1
1374,Jawa Barat,D3
1375,Riau,S1
1376,Jawa Barat,TIDAK DICANTUMKAN
1377,DKI Jakarta,TIDAK DICANTUMKAN
1378,DKI Jakarta,TIDAK DICANTUMKAN
1379,DKI Jakarta,D3
1380,Jawa Barat,TIDAK DICANTUMKAN
1381,Jawa Barat,TIDAK DICANTUMKAN
1382,Banten,S1
1383,Jawa Barat,S1
1384,DKI Jakarta,TIDAK DICANTUMKAN
1385,DKI Jakarta,TIDAK DICANTUMKAN
1386,DKI Jakarta,SMK
1387,Jawa Barat,S1
1388,Jawa Barat,TIDAK DICANTUMKAN
1389,DKI Jakarta,S1
1390,DKI Jakarta,D3
1391,DKI Jakarta,S1
1392,Jawa Timur,TIDAK DICANTUMKAN
1393,Jawa Barat,TIDAK DICANTUMKAN
1394,DKI Jakarta,SMK
1395,Jawa Timur,S1
1396,Jawa Barat,TIDAK DICANTUMKAN
1397,DKI Jakarta,D3
1398,DKI Jakarta,TIDAK DICANTUMKAN
1399,DKI Jakarta,S1
1400,Jawa Barat,TIDAK DICANTUMKAN
1401,Jawa Barat,TIDAK DICANTUMKAN
1402,DKI Jakarta,D3
1403,DKI Jakarta,TIDAK DICANTUMKAN
1404,Jawa Barat,D3
1405,DKI Jakarta,D3
1406,DKI Jakarta,TIDAK DICANTUMKAN
1407,DKI Jakarta,S1
1408,DKI Jakarta,TIDAK DICANTUMKAN
1409,DKI Jakarta,S1
1410,DKI Jakarta,TIDAK DICANTUMKAN
1411,DKI Jakarta,S1
1412,Banten,TIDAK DICANTUMKAN
1413,DKI Jakarta,TIDAK DICANTUMKAN
1414,DKI Jakarta,TIDAK DICANTUMKAN
1415,DKI Jakarta,S1
1416,DKI Jakarta,S1
1417,Banten,S1
1417,Banten,D3
1418,Banten,TIDAK DICANTUMKAN
1419,DKI Jakarta,TIDAK DICANTUMKAN
1420,DKI Jakarta,D3
1421,DKI Jakarta,S1
1422,Jawa Barat,S1
1423,Jawa Barat,TIDAK DICANTUMKAN
1424,Bali,TIDAK DICANTUMKAN
1425,DKI Jakarta,D3
1426,Banten,SMK
1427,Jawa Barat,TIDAK DICANTUMKAN
1428,DKI Jakarta,TIDAK DICANTUMKAN
1429,Jawa Barat,S1
1429,Jawa Barat,D3
1430,Jawa Timur,TIDAK DICANTUMKAN
1431,DKI Jakarta,TIDAK DICANTUMKAN
1432,DKI Jakarta,TIDAK DICANTUMKAN
1433,DKI Jakarta,S1
1434,DKI Jakarta,S1
1435,DKI Jakarta,TIDAK DICANTUMKAN
1436,DKI Jakarta,S1
1437,DKI Jakarta,S1
1438,Banten,TIDAK DICANTUMKAN
1439,DKI Jakarta,TIDAK DICANTUMKAN
1440,DKI Jakarta,S1
1441,DKI Jakarta,S1
1442,Banten,TIDAK DICANTUMKAN
1443,DKI Jakarta,SMK
1444,DKI Jakarta,S1
1445,Jawa Barat,SMK
1446,Jawa Barat,S1
1447,Jawa Timur,TIDAK DICANTUMKAN
1448,DKI Jakarta,D3
1449,Banten,S1
1450,Banten,TIDAK DICANTUMKAN
1451,DKI Jakarta,S1
1452,DKI Jakarta,TIDAK DICANTUMKAN
1453,Jawa Timur,TIDAK DICANTUMKAN
1454,Jawa Timur,TIDAK DICANTUMKAN
1455,Jawa Timur,TIDAK DICANTUMKAN
1456,Jawa Timur,TIDAK DICANTUMKAN
1457,Jawa Barat,D3
1458,DKI Jakarta,TIDAK DICANTUMKAN
1459,DKI Jakarta,TIDAK DICANTUMKAN
1460,DI Yogyakarta,S1
1461,DKI Jakarta,S1
1462,DKI Jakarta,S1
1462,DKI Jakarta,D3
1463,DKI Jakarta,SMK
1464,DI Yogyakarta,TIDAK DICANTUMKAN
1465,Jawa Barat,TIDAK DICANTUMKAN
1466,DI Yogyakarta,TIDAK DICANTUMKAN
1467,DI Yogyakarta,TIDAK DICANTUMKAN
1468,DKI Jakarta,TIDAK DICANTUMKAN
1469,Jawa Barat,TIDAK DICANTUMKAN
1470,DKI Jakarta,S1
1471,DKI Jakarta,TIDAK DICANTUMKAN
1472,DKI Jakarta,TIDAK DICANTUMKAN
1473,Jawa Timur,S1
1473,Jawa Timur,D3
1474,DI Yogyakarta,TIDAK DICANTUMKAN
1475,DKI Jakarta,TIDAK DICANTUMKAN
1476,Jawa Timur,S1
1476,Jawa Timur,D3
1477,DKI Jakarta,TIDAK DICANTUMKAN
1478,Jawa Barat,SMK
1478,Jawa Barat,D3
1479,Kepulauan Riau,S1
1480,Sulawesi Selatan,SMK
1481,DKI Jakarta,D3
1482,DKI Jakarta,TIDAK DICANTUMKAN
1483,DKI Jakarta,TIDAK DICANTUMKAN
1484,DKI Jakarta,S1
1485,DKI Jakarta,TIDAK DICANTUMKAN
1486,DKI Jakarta,TIDAK DICANTUMKAN
1487,Banten,D3
1488,DKI Jakarta,S1
1489,DKI Jakarta,TIDAK DICANTUMKAN
1490,Jawa Timur,TIDAK DICANTUMKAN
1491,DKI Jakarta,S1
1492,DI Yogyakarta,TIDAK DICANTUMKAN
1493,Bali,D3
1494,DKI Jakarta,TIDAK DICANTUMKAN
1495,Sumatera Selatan,TIDAK DICANTUMKAN
1496,DKI Jakarta,S1
1497,Riau,TIDAK DICANTUMKAN
1498,Kalimantan Timur,TIDAK DICANTUMKAN
1499,Sumatera Utara,TIDAK DICANTUMKAN
1500,Sulawesi Selatan,TIDAK DICANTUMKAN
1501,Bali,TIDAK DICANTUMKAN
1502,DKI Jakarta,S1
1503,Jawa Barat,TIDAK DICANTUMKAN
1504,Jawa Tengah,TIDAK DICANTUMKAN
1505,Banten,TIDAK DICANTUMKAN
1506,Jawa Barat,TIDAK DICANTUMKAN
1507,Jawa Barat,S1
1508,Jawa Barat,S1
1509,DKI Jakarta,TIDAK DICANTUMKAN
1510,DKI Jakarta,D3
1511,Bali,TIDAK DICANTUMKAN
1512,DKI Jakarta,TIDAK DICANTUMKAN
1513,Kepulauan Riau,TIDAK DICANTUMKAN
1514,DKI Jakarta,D3
1515,DKI Jakarta,TIDAK DICANTUMKAN
1516,Banten,TIDAK DICANTUMKAN
1517,Jawa Timur,TIDAK DICANTUMKAN
1518,Jawa Barat,D3
1518,Jawa Barat,S1
1519,DKI Jakarta,TIDAK DICANTUMKAN
1520,DKI Jakarta,TIDAK DICANTUMKAN
1521,DKI Jakarta,S1
1522,DKI Jakarta,TIDAK DICANTUMKAN
1523,DI Yogyakarta,TIDAK DICANTUMKAN
1524,DKI Jakarta,TIDAK DICANTUMKAN
1525,Jawa Timur,TIDAK DICANTUMKAN
1526,DKI Jakarta,TIDAK DICANTUMKAN
1527,DKI Jakarta,TIDAK DICANTUMKAN
1528,Jawa Timur,TIDAK DICANTUMKAN
1529,DKI Jakarta,TIDAK DICANTUMKAN
1530,DKI Jakarta,TIDAK DICANTUMKAN
1531,DI Yogyakarta,TIDAK DICANTUMKAN
1532,DKI Jakarta,S1
1533,Jawa Barat,TIDAK DICANTUMKAN
1534,DKI Jakarta,TIDAK DICANTUMKAN
1535,DKI Jakarta,TIDAK DICANTUMKAN
1536,DKI Jakarta,TIDAK DICANTUMKAN
1537,DKI Jakarta,S1
1538,Banten,D3
1538,Banten,S1
1539,DKI Jakarta,D3
1540,Jawa Barat,TIDAK DICANTUMKAN
1541,Banten,S1
1542,Jawa Barat,TIDAK DICANTUMKAN
1543,Banten,D3
1543,Banten,S1
1544,DKI Jakarta,D3
1545,Banten,TIDAK DICANTUMKAN
1546,Banten,S1
1547,DKI Jakarta,S1
1548,DKI Jakarta,TIDAK DICANTUMKAN
1549,DKI Jakarta,S1
1550,DKI Jakarta,S1
1551,DKI Jakarta,S1
1552,DKI Jakarta,D3
1552,DKI Jakarta,S1
1553,DKI Jakarta,D3
1554,Jawa Barat,SMK
1554,Jawa Barat,D3
1555,Sumatera Utara,TIDAK DICANTUMKAN
1556,Sumatera Utara,D3
1557,Sumatera Utara,TIDAK DICANTUMKAN
1558,Sumatera Utara,D3
1559,DKI Jakarta,S1
1560,Sumatera Utara,TIDAK DICANTUMKAN
1561,Riau,TIDAK DICANTUMKAN
1562,Sumatera Utara,TIDAK DICANTUMKAN
1563,Jawa Barat,TIDAK DICANTUMKAN
1564,DKI Jakarta,TIDAK DICANTUMKAN
1565,Jawa Barat,D3
1565,Jawa Barat,S1
1566,Sumatera Utara,TIDAK DICANTUMKAN
1567,DKI Jakarta,TIDAK DICANTUMKAN
1568,Banten,TIDAK DICANTUMKAN
1569,Sumatera Utara,TIDAK DICANTUMKAN
1570,Sumatera Utara,TIDAK DICANTUMKAN
1571,DKI Jakarta,S1
1572,Sumatera Utara,TIDAK DICANTUMKAN
1573,Jawa Timur,TIDAK DICANTUMKAN
1574,DKI Jakarta,TIDAK DICANTUMKAN
1575,DKI Jakarta,D3
1576,DKI Jakarta,TIDAK DICANTUMKAN
1577,DKI Jakarta,S1
1578,DKI Jakarta,TIDAK DICANTUMKAN
1579,Kepulauan Riau,S1
1580,DKI Jakarta,TIDAK DICANTUMKAN
1581,DKI Jakarta,D3
1582,Jawa Timur,TIDAK DICANTUMKAN
1583,DKI Jakarta,TIDAK DICANTUMKAN
1584,Sumatera Utara,TIDAK DICANTUMKAN
1585,DKI Jakarta,D3
1585,DKI Jakarta,S1
1586,DKI Jakarta,TIDAK DICANTUMKAN
1587,DKI Jakarta,TIDAK DICANTUMKAN
1588,Kepulauan Riau,TIDAK DICANTUMKAN
1589,DKI Jakarta,S1
1590,DKI Jakarta,TIDAK DICANTUMKAN
1591,DKI Jakarta,D3
1592,DKI Jakarta,TIDAK DICANTUMKAN
1593,DKI Jakarta,D3
1594,Jawa Barat,TIDAK DICANTUMKAN
1595,DKI Jakarta,S1
1596,DKI Jakarta,TIDAK DICANTUMKAN
1597,DKI Jakarta,TIDAK DICANTUMKAN
1598,DKI Jakarta,TIDAK DICANTUMKAN
1599,DKI Jakarta,TIDAK DICANTUMKAN
1600,DKI Jakarta,TIDAK DICANTUMKAN
1601,DKI Jakarta,TIDAK DICANTUMKAN
1602,DKI Jakarta,D3
1602,DKI Jakarta,S1
1603,Jawa Barat,SMK
1603,Jawa Barat,D3
1604,DKI Jakarta,D3
1605,Jawa Timur,TIDAK DICANTUMKAN
1606,Jawa Barat,S1
1607,Kepulauan Riau,D3
1608,DKI Jakarta,TIDAK DICANTUMKAN
1609,DKI Jakarta,S1
1610,DKI Jakarta,S1
1611,DKI Jakarta,TIDAK DICANTUMKAN
1612,DKI Jakarta,TIDAK DICANTUMKAN
1613,DKI Jakarta,S1
1614,DKI Jakarta,S1
1615,Jawa Barat,SMK
1616,DKI Jakarta,S1
1617,DKI Jakarta,TIDAK DICANTUMKAN
1618,DKI Jakarta,TIDAK DICANTUMKAN
1619,DKI Jakarta,TIDAK DICANTUMKAN
1620,DKI Jakarta,S1
1621,Banten,S1
1622,DKI Jakarta,TIDAK DICANTUMKAN
1623,DKI Jakarta,S1
1624,DKI Jakarta,TIDAK DICANTUMKAN
1625,Jawa Barat,D3
1625,Jawa Barat,S1
1626,DKI Jakarta,S1
1627,DKI Jakarta,S1
1628,DKI Jakarta,TIDAK DICANTUMKAN
1629,DKI Jakarta,TIDAK DICANTUMKAN
1630,DKI Jakarta,TIDAK DICANTUMKAN
1631,DKI Jakarta,TIDAK DICANTUMKAN
1632,Jawa Barat,TIDAK DICANTUMKAN
1633,Jawa Timur,TIDAK DICANTUMKAN
1634,Jawa Barat,TIDAK DICANTUMKAN
1635,Banten,TIDAK DICANTUMKAN
1636,Jawa Timur,TIDAK DICANTUMKAN
1637,DKI Jakarta,TIDAK DICANTUMKAN
1638,DKI Jakarta,TIDAK DICANTUMKAN
1639,DKI Jakarta,S1
1640,Jawa Tengah,TIDAK DICANTUMKAN
1641,DKI Jakarta,TIDAK DICANTUMKAN
1642,Jawa Barat,TIDAK DICANTUMKAN
1643,Banten,SMK
1644,DI Yogyakarta,TIDAK DICANTUMKAN
1645,DKI Jakarta,TIDAK DICANTUMKAN
1646,DKI Jakarta,S1
1647,DI Yogyakarta,TIDAK DICANTUMKAN
1648,Jawa Barat,TIDAK DICANTUMKAN
1649,Jawa Timur,SMK
1650,DKI Jakarta,TIDAK DICANTUMKAN
1651,DKI Jakarta,D3
1652,DKI Jakarta,TIDAK DICANTUMKAN
1653,DKI Jakarta,TIDAK DICANTUMKAN
1654,DKI Jakarta,TIDAK DICANTUMKAN
1655,DKI Jakarta,TIDAK DICANTUMKAN
1656,Jawa Tengah,S1
1657,Banten,D3
1658,DKI Jakarta,TIDAK DICANTUMKAN
1659,DI Yogyakarta,TIDAK DICANTUMKAN
1660,Jawa Timur,S1
1661,DI Yogyakarta,D3
1661,DI Yogyakarta,SMK
1662,DKI Jakarta,TIDAK DICANTUMKAN
1663,Banten,S1
1664,Kepulauan Riau,TIDAK DICANTUMKAN
1665,DKI Jakarta,TIDAK DICANTUMKAN
1666,Jawa Timur,SMK
1667,Banten,S1
1668,Banten,TIDAK DICANTUMKAN
1669,DKI Jakarta,TIDAK DICANTUMKAN
1670,Banten,S1
1671,Banten,D3
1671,Banten,S1
1672,Bali,S1
1673,Jawa Barat,S1
1674,DKI Jakarta,TIDAK DICANTUMKAN
1675,DI Yogyakarta,TIDAK DICANTUMKAN
1676,DKI Jakarta,TIDAK DICANTUMKAN
1677,DI Yogyakarta,S1
1677,DI Yogyakarta,D3
1678,Banten,S1
1679,DKI Jakarta,S1
1680,DKI Jakarta,TIDAK DICANTUMKAN
1681,DKI Jakarta,TIDAK DICANTUMKAN
1682,Jawa Barat,TIDAK DICANTUMKAN
1683,Jawa Barat,TIDAK DICANTUMKAN
1684,DKI Jakarta,TIDAK DICANTUMKAN
1685,DKI Jakarta,TIDAK DICANTUMKAN
1686,Jawa Barat,TIDAK DICANTUMKAN
1687,DKI Jakarta,TIDAK DICANTUMKAN
1688,DKI Jakarta,S1
1689,DKI Jakarta,D3
1690,Sumatera Utara,S1
1691,DKI Jakarta,SMK
1692,DKI Jakarta,TIDAK DICANTUMKAN
1693,DKI Jakarta,S1
1694,DKI Jakarta,TIDAK DICANTUMKAN
1695,Banten,TIDAK DICANTUMKAN
1696,DKI Jakarta,S1
1697,DKI Jakarta,TIDAK DICANTUMKAN
1698,DKI Jakarta,TIDAK DICANTUMKAN
1699,DKI Jakarta,TIDAK DICANTUMKAN
1700,DKI Jakarta,D3
1701,DKI Jakarta,S1
1702,DKI Jakarta,TIDAK DICANTUMKAN
1703,DKI Jakarta,TIDAK DICANTUMKAN
1704,DI Yogyakarta,TIDAK DICANTUMKAN
1705,DI Yogyakarta,S1
1706,DI Yogyakarta,TIDAK DICANTUMKAN
1707,DKI Jakarta,S1
1708,Jawa Timur,SMK
1709,Jawa Barat,TIDAK DICANTUMKAN
1710,Jawa Timur,TIDAK DICANTUMKAN
1711,Jawa Timur,TIDAK DICANTUMKAN
1712,Jawa Timur,TIDAK DICANTUMKAN
1713,Jawa Barat,TIDAK DICANTUMKAN
1714,DKI Jakarta,S1
1715,Jawa Timur,TIDAK DICANTUMKAN
1716,DKI Jakarta,S1
1717,Kepulauan Riau,TIDAK DICANTUMKAN
1718,Jawa Timur,TIDAK DICANTUMKAN
1719,DKI Jakarta,TIDAK DICANTUMKAN
1720,DKI Jakarta,SMK
1720,DKI Jakarta,D3
1721,DI Yogyakarta,S1
1722,Jawa Barat,TIDAK DICANTUMKAN
1723,Jawa Barat,TIDAK DICANTUMKAN
1724,DKI Jakarta,TIDAK DICANTUMKAN
1725,DKI Jakarta,TIDAK DICANTUMKAN
1726,DKI Jakarta,D3
1727,Jawa Barat,TIDAK DICANTUMKAN
1728,DKI Jakarta,D3
1729,DKI Jakarta,TIDAK DICANTUMKAN
1730,DKI Jakarta,D3
1730,DKI Jakarta,S1
1731,DKI Jakarta,D3
1732,DKI Jakarta,TIDAK DICANTUMKAN
1733,DKI Jakarta,TIDAK DICANTUMKAN
1734,DKI Jakarta,D3
1735,DKI Jakarta,TIDAK DICANTUMKAN
1736,DKI Jakarta,TIDAK DICANTUMKAN
1737,DKI Jakarta,D3
1737,DKI Jakarta,S1
1738,DKI Jakarta,TIDAK DICANTUMKAN
1739,Jawa Barat,TIDAK DICANTUMKAN
1740,DKI Jakarta,D3
1740,DKI Jakarta,S1
1741,DKI Jakarta,TIDAK DICANTUMKAN
1742,DKI Jakarta,TIDAK DICANTUMKAN
1743,DKI Jakarta,TIDAK DICANTUMKAN
1744,Kepulauan Riau,S1
1745,DKI Jakarta,TIDAK DICANTUMKAN
1746,DKI Jakarta,TIDAK DICANTUMKAN
1747,DKI Jakarta,TIDAK DICANTUMKAN
1748,DKI Jakarta,TIDAK DICANTUMKAN
1749,Jawa Barat,TIDAK DICANTUMKAN
